date,description,txn_type,amount,category
01/01/2026,UPI/GROWW/AXIS,debit,49475.24,Investment
01/01/2026,UPI/EASEMYTRIP/KOTAK,debit,3066.0,Travel
01/01/2026,NACH DR/RD INSTALLMENT/SBI,debit,3004.49,Investment
01/01/2026,UPI/IGL GAS BILL/BOB,debit,1172.48,Utilities
01/01/2026,UPI/SWIGGY/AXIS,debit,668.69,Food & Drink
01/01/2026,NEFT CR/AMAZON INDIA SALARY JAN,credit,126048.93,Salary
01/01/2026,AUTO DEBIT/DISNEY HOTSTAR/HDFC,debit,333.76,Entertainment
01/01/2026,AUTO DEBIT/SONY LIV/AXIS,debit,330.76,Entertainment
01/01/2026,AUTO DEBIT/SPOTIFY/SBI,debit,139.29,Entertainment
01/01/2026,UPI/MSEDCL ELECTRICITY/HDFC,debit,1702.26,Utilities
01/01/2026,AUTO DEBIT/YOUTUBE PREMIUM/KOTAK,debit,180.27,Entertainment
01/01/2026,UPI/PG RENT/STANZA LIVING/KOTAK,debit,13978.68,Rent
01/01/2026,UPI/ZOMATO/ICICI,debit,923.92,Food & Drink
02/01/2026,UPI/PARADISE BIRYANI/AXIS,debit,621.73,Food & Drink
02/01/2026,POS KOLKATA/HALDIRAMS,debit,631.8,Food & Drink
02/01/2026,UPI/CHAI POINT/BOB,debit,246.99,Food & Drink
02/01/2026,POS AHMEDABAD/INDIANOIL,debit,2582.77,Travel
02/01/2026,UPI/BHARAT GAS/KOTAK,debit,896.85,Utilities
02/01/2026,UPI/BOOKMYSHOW/YES,debit,938.69,Entertainment
02/01/2026,AUTO DEBIT/APPLE MUSIC/HDFC,debit,168.93,Entertainment
02/01/2026,UPI/GROWW/KOTAK,debit,36733.18,Investment
02/01/2026,UPI/GROWW/HDFC,debit,6604.64,Investment
02/01/2026,AUTO DEBIT/DISNEY HOTSTAR/KOTAK,debit,744.45,Entertainment
02/01/2026,NACH DR/ET MONEY SIP/REF5182609867,debit,18106.24,Investment
02/01/2026,UPI/BHARAT GAS/YES,debit,963.84,Utilities
02/01/2026,POS BENGALURU/KFC,debit,678.81,Food & Drink
03/01/2026,POS BENGALURU/INDIANOIL,debit,860.79,Travel
03/01/2026,UPI/AMAZON/SBI,debit,2905.55,Shopping
03/01/2026,UPI/BSES BILL/ICICI,debit,2093.05,Utilities
03/01/2026,UPI/ZOMATO/ICICI,debit,887.36,Food & Drink
03/01/2026,UPI/HPCL PETROL PUMP/HDFC,debit,4973.56,Travel
03/01/2026,UPI/WATER BILL BBMP/HDFC,debit,456.29,Utilities
03/01/2026,UPI/IGL GAS BILL/HDFC,debit,551.52,Utilities
03/01/2026,UPI/SWIGGY/AXIS,debit,833.87,Food & Drink
03/01/2026,POS KOLKATA/D-MART,debit,1634.92,Shopping
03/01/2026,UPI/BPCL FUEL/AXIS,debit,3977.54,Travel
03/01/2026,POS CHENNAI/INDIANOIL,debit,3456.82,Travel
03/01/2026,UPI/TATACLIQ/YES,debit,1018.39,Shopping
03/01/2026,UPI/HPCL PETROL PUMP/HDFC,debit,1638.42,Travel
03/01/2026,UPI/GOIBIBO/KOTAK,debit,14062.71,Travel
03/01/2026,UPI/BHARAT GAS/HDFC,debit,1030.92,Utilities
04/01/2026,AUTO DEBIT/SPOTIFY/AXIS,debit,170.7,Entertainment
04/01/2026,POS NOIDA/STARBUCKS,debit,563.29,Food & Drink
04/01/2026,NACH DR/SIP GROWW/REF8356592812,debit,14219.22,Investment
04/01/2026,POS DELHI/CROMA,debit,29266.37,Shopping
04/01/2026,UPI/BLINKIT FOOD/ICICI,debit,873.46,Food & Drink
04/01/2026,POS MUMBAI/INOX MOVIES,debit,834.17,Entertainment
04/01/2026,POS CHENNAI/H&M,debit,929.63,Shopping
04/01/2026,UPI/DUNZO FOOD/SBI,debit,641.01,Food & Drink
04/01/2026,UPI/PARADISE BIRYANI/AXIS,debit,207.17,Food & Drink
04/01/2026,UPI/BHARAT GAS/SBI,debit,968.02,Utilities
04/01/2026,POS PUNE/CAFE COFFEE DAY,debit,593.78,Food & Drink
04/01/2026,UPI/CHAI POINT/AXIS,debit,193.92,Food & Drink
04/01/2026,POS AHMEDABAD/INDIANOIL,debit,686.0,Travel
04/01/2026,NACH DR/RD INSTALLMENT/PNB,debit,7231.27,Investment
05/01/2026,UPI/SPICEJET/YES,debit,13041.37,Travel
05/01/2026,UPI/AIRTEL XSTREAM FIBER/YES,debit,973.41,Utilities
05/01/2026,POS DELHI/CAFE COFFEE DAY,debit,414.71,Food & Drink
05/01/2026,UPI/ZOSTEL/AXIS,debit,1922.76,Travel
05/01/2026,AUTO DEBIT/CULT FIT/BOB,debit,3186.86,Health & Fitness
05/01/2026,UPI/ZOMATO/ICICI,debit,674.2,Food & Drink
05/01/2026,AUTO DEBIT/SONY LIV/ICICI,debit,574.68,Entertainment
05/01/2026,UPI/FLAT RENT/YES,debit,14432.07,Rent
05/01/2026,UPI/KUVERA MF/AXIS,debit,15163.23,Investment
05/01/2026,AUTO DEBIT/JIOCINEMAPREMIUM/PNB,debit,273.09,Entertainment
05/01/2026,UPI/CHAI POINT/HDFC,debit,241.4,Food & Drink
05/01/2026,UPI/MEESHO/SBI,debit,1274.6,Shopping
05/01/2026,UPI/EASEMYTRIP/ICICI,debit,17845.23,Travel
06/01/2026,UPI/BEWAKOOF/ICICI,debit,1253.54,Shopping
06/01/2026,UPI/BLINKIT FOOD/ICICI,debit,1475.91,Food & Drink
06/01/2026,UPI/PRACTO/SBI,debit,691.64,Health & Fitness
06/01/2026,UPI/WATER BILL BBMP/HDFC,debit,652.73,Utilities
06/01/2026,UPI/APOLLO PHARMACY/SBI,debit,339.73,Health & Fitness
06/01/2026,UPI/SWIGGY/AXIS,debit,781.58,Food & Drink
06/01/2026,UPI/MGL GAS BILL/AXIS,debit,820.4,Utilities
06/01/2026,UPI/NETMEDS/BOB,debit,651.09,Health & Fitness
06/01/2026,UPI/MGL GAS BILL/ICICI,debit,613.38,Utilities
07/01/2026,NACH DR/PPF DEPOSIT SBI/REF4734111722,debit,8368.94,Investment
07/01/2026,UPI/PHARMEASY/SBI,debit,1995.54,Health & Fitness
07/01/2026,UPI/BLINKIT FOOD/AXIS,debit,623.15,Food & Drink
07/01/2026,UPI/BLINKIT FOOD/BOB,debit,918.45,Food & Drink
07/01/2026,UPI/CHAI POINT/ICICI,debit,201.52,Food & Drink
07/01/2026,UPI/LPG CYLINDER HP/YES,debit,906.06,Utilities
07/01/2026,UPI/MSEDCL ELECTRICITY/PNB,debit,2847.49,Utilities
07/01/2026,UPI/DUNZO FOOD/SBI,debit,240.13,Food & Drink
07/01/2026,NEFT DR/APARTMENT MAINTENANCE/JAN,debit,3600.65,Rent
07/01/2026,POS KOLKATA/RELIANCE DIGITAL,debit,13037.51,Shopping
07/01/2026,POS KOLKATA/PIZZA HUT,debit,609.92,Food & Drink
07/01/2026,UPI/ANGEL ONE/BOB,debit,25479.05,Investment
07/01/2026,UPI/REDBUS/SBI,debit,1966.92,Travel
07/01/2026,AUTO DEBIT/SPOTIFY/YES,debit,169.81,Entertainment
07/01/2026,NEFT DR/APARTMENT MAINTENANCE/JAN,debit,2865.47,Rent
07/01/2026,UPI/AJIO/KOTAK,debit,1409.25,Shopping
07/01/2026,UPI/INDMONEY/HDFC,debit,20441.42,Investment
07/01/2026,SALARY RAZORPAY FINTECH JAN,credit,124319.15,Salary
07/01/2026,POS GURGAON/INOX MOVIES,debit,288.38,Entertainment
08/01/2026,UPI/KUVERA MF/ICICI,debit,29486.92,Investment
08/01/2026,UPI/INDMONEY/AXIS,debit,7340.89,Investment
08/01/2026,UPI/BESCOM BILL/PNB,debit,2968.41,Utilities
08/01/2026,UPI/AJIO/PNB,debit,829.99,Shopping
08/01/2026,UPI/VI POSTPAID/PNB,debit,716.46,Utilities
08/01/2026,UPI/FASTTAG NHAI/ICICI,debit,340.47,Travel
08/01/2026,UPI/ZOMATO/PNB,debit,510.36,Food & Drink
08/01/2026,UPI/THYROCARE/BOB,debit,983.52,Health & Fitness
08/01/2026,UPI/WATER BILL BBMP/ICICI,debit,745.54,Utilities
08/01/2026,UPI/BSES BILL/KOTAK,debit,2214.98,Utilities
08/01/2026,AUTO DEBIT/TATA PLAY/PNB,debit,679.15,Utilities
08/01/2026,NEFT CR/ZOHO CORP/SALARY/JAN,credit,93891.33,Salary
08/01/2026,POS HYDERABAD/KFC,debit,573.5,Food & Drink
09/01/2026,AUTO DEBIT/FASTAG RECHARGE/HDFC,debit,656.79,Travel
09/01/2026,NACH DR/NPS CONTRIBUTION/REF8355075124,debit,6203.81,Investment
09/01/2026,UPI/THYROCARE/ICICI,debit,1754.36,Health & Fitness
09/01/2026,UPI/ZEPTO/PNB,debit,482.84,Food & Drink
09/01/2026,UPI/FLIPKART/BOB,debit,4466.28,Shopping
09/01/2026,AUTO DEBIT/YOUTUBE PREMIUM/AXIS,debit,153.51,Entertainment
09/01/2026,POS NOIDA/BURGER KING,debit,393.87,Food & Drink
09/01/2026,UPI/MEESHO/AXIS,debit,1386.71,Shopping
09/01/2026,NEFT/AIR INDIA/TXN335470927652,debit,13851.59,Travel
09/01/2026,NACH DR/SIP GROWW/REF6165304376,debit,6385.46,Investment
09/01/2026,UPI/MAKEMYTRIP/PNB,debit,17149.25,Travel
09/01/2026,POS MUMBAI/DOMINOS PIZZA,debit,317.55,Food & Drink
10/01/2026,UPI/SWIGGY/ICICI,debit,806.12,Food & Drink
10/01/2026,UPI/FLIPKART/AXIS,debit,3618.46,Shopping
10/01/2026,UPI/ZOMATO/PNB,debit,849.08,Food & Drink
10/01/2026,AUTO DEBIT/NETFLIX/YES,debit,220.54,Entertainment
10/01/2026,UPI/BEHROUZ BIRYANI/PNB,debit,404.85,Food & Drink
10/01/2026,NACH DR/SIP GROWW/REF8571816271,debit,14442.26,Investment
10/01/2026,NACH DR/PPF DEPOSIT SBI/REF2825989011,debit,12914.9,Investment
10/01/2026,UPI/AIRTEL POSTPAID/PNB,debit,1002.61,Utilities
10/01/2026,UPI/DUNZO FOOD/YES,debit,708.45,Food & Drink
10/01/2026,UPI/MSEDCL ELECTRICITY/KOTAK,debit,3549.46,Utilities
10/01/2026,UPI/BOAT LIFESTYLE/HDFC,debit,4706.67,Shopping
10/01/2026,UPI/BOOKMYSHOW/KOTAK,debit,320.27,Entertainment
10/01/2026,UPI/APOLLO PHARMACY/KOTAK,debit,366.99,Health & Fitness
10/01/2026,NEFT/AIR INDIA/TXN175250431014,debit,13775.44,Travel
10/01/2026,UPI/PG RENT/STANZA LIVING/AXIS,debit,9894.6,Rent
10/01/2026,UPI/NETMEDS/KOTAK,debit,1286.88,Health & Fitness
10/01/2026,NEFT/INDIGO AIRLINES/TXN618251551164,debit,11402.18,Travel
11/01/2026,UPI/AIRBNB/BOB,debit,19954.14,Travel
11/01/2026,UPI/ANGEL ONE/BOB,debit,27616.08,Investment
11/01/2026,AUTO DEBIT/SONY LIV/PNB,debit,516.04,Entertainment
11/01/2026,UPI/HPCL PETROL PUMP/PNB,debit,4588.27,Travel
11/01/2026,UPI/FASTTAG NHAI/BOB,debit,294.59,Travel
11/01/2026,UPI/IRCTC/BOB,debit,3637.39,Travel
11/01/2026,AUTO DEBIT/YOUTUBE PREMIUM/ICICI,debit,152.63,Entertainment
11/01/2026,UPI/LPG CYLINDER HP/ICICI,debit,1039.62,Utilities
11/01/2026,AUTO DEBIT/JIO FIBER/AXIS,debit,1013.21,Utilities
11/01/2026,POS NOIDA/DOMINOS PIZZA,debit,877.66,Food & Drink
11/01/2026,UPI/ZOMATO/SBI,debit,401.8,Food & Drink
11/01/2026,UPI/AIRTEL POSTPAID/AXIS,debit,977.71,Utilities
11/01/2026,NACH DR/LIC PREMIUM/REF4124268175,debit,13705.26,Investment
12/01/2026,POS HYDERABAD/KFC,debit,478.49,Food & Drink
12/01/2026,UPI/AIRTEL POSTPAID/KOTAK,debit,518.37,Utilities
12/01/2026,UPI/BESCOM BILL/ICICI,debit,1010.05,Utilities
12/01/2026,UPI/AJIO/SBI,debit,2126.76,Shopping
12/01/2026,NACH DR/LIC PREMIUM/REF3291226621,debit,4636.58,Investment
12/01/2026,UPI/FASTTAG NHAI/YES,debit,330.45,Travel
12/01/2026,UPI/SWIGGY/YES,debit,312.52,Food & Drink
12/01/2026,UPI/CHAI POINT/HDFC,debit,223.05,Food & Drink
12/01/2026,UPI/REDBUS/PNB,debit,401.77,Travel
12/01/2026,POS DELHI/STARBUCKS,debit,509.45,Food & Drink
12/01/2026,AUTO DEBIT/DISNEY HOTSTAR/YES,debit,434.93,Entertainment
12/01/2026,UPI/FLAT RENT/PNB,debit,27900.16,Rent
12/01/2026,UPI/APOLLO PHARMACY/YES,debit,1329.63,Health & Fitness
12/01/2026,UPI/ZEPTO/PNB,debit,1114.05,Food & Drink
12/01/2026,UPI/THYROCARE/HDFC,debit,1249.96,Health & Fitness
13/01/2026,UPI/MYNTRA/ICICI,debit,1562.33,Shopping
13/01/2026,POS BENGALURU/SUBWAY,debit,321.17,Food & Drink
13/01/2026,AUTO DEBIT/YOUTUBE PREMIUM/HDFC,debit,163.28,Entertainment
13/01/2026,AUTO DEBIT/AMAZON PRIME VIDEO/BOB,debit,179.91,Entertainment
13/01/2026,AUTO DEBIT/JIOCINEMAPREMIUM/PNB,debit,178.58,Entertainment
13/01/2026,POS NOIDA/KFC,debit,386.53,Food & Drink
13/01/2026,AUTO DEBIT/APPLE MUSIC/HDFC,debit,186.98,Entertainment
13/01/2026,UPI/STEAM GAMES/AXIS,debit,833.18,Entertainment
13/01/2026,UPI/WATER BILL BBMP/SBI,debit,415.08,Utilities
13/01/2026,UPI/REDBUS/ICICI,debit,1465.39,Travel
14/01/2026,UPI/SPICEJET/PNB,debit,8558.28,Travel
14/01/2026,AUTO DEBIT/ZEE5/ICICI,debit,268.57,Entertainment
14/01/2026,AUTO DEBIT/JIOCINEMAPREMIUM/SBI,debit,272.59,Entertainment
14/01/2026,POS BENGALURU/STARBUCKS,debit,702.87,Food & Drink
14/01/2026,NACH/COLIVE RENT/JAN,debit,13314.21,Rent
14/01/2026,POS CHENNAI/MCDONALDS,debit,222.51,Food & Drink
14/01/2026,AUTO DEBIT/ACT FIBERNET/PNB,debit,507.82,Utilities
14/01/2026,POS AHMEDABAD/HALDIRAMS,debit,493.16,Food & Drink
14/01/2026,POS DELHI/BURGER KING,debit,385.69,Food & Drink
14/01/2026,UPI/HEALTHIFYME/ICICI,debit,1516.85,Health & Fitness
14/01/2026,POS JAIPUR/KFC,debit,635.43,Food & Drink
15/01/2026,POS MUMBAI/INDIANOIL,debit,2441.48,Travel
15/01/2026,UPI/DUNZO FOOD/BOB,debit,687.1,Food & Drink
15/01/2026,UPI/STEAM GAMES/YES,debit,3516.71,Entertainment
15/01/2026,UPI/AMAZON/ICICI,debit,7602.49,Shopping
15/01/2026,POS MUMBAI/DECATHLON,debit,4051.15,Shopping
15/01/2026,UPI/AMAZON/BOB,debit,6388.91,Shopping
15/01/2026,UPI/PRACTO/ICICI,debit,1281.06,Health & Fitness
15/01/2026,UPI/GOLD'S GYM/YES,debit,2187.69,Health & Fitness
15/01/2026,UPI/OYO ROOMS/BOB,debit,2069.62,Travel
15/01/2026,UPI/BOOKMYSHOW/SBI,debit,1202.29,Entertainment
15/01/2026,UPI/MEDPLUS/YES,debit,1760.95,Health & Fitness
15/01/2026,NEFT CR/TCS SALARY/JAN2026,credit,121890.18,Salary
15/01/2026,IMPS CR/147068103454/ACCENTURE SALARY/,credit,136216.96,Salary
15/01/2026,AUTO DEBIT/SONY LIV/AXIS,debit,320.78,Entertainment
15/01/2026,NEFT CR/AMAZON INDIA SALARY JAN,credit,118836.78,Salary
15/01/2026,POS NOIDA/INDIANOIL,debit,3733.22,Travel
15/01/2026,UPI/FASTTAG NHAI/KOTAK,debit,390.86,Travel
15/01/2026,UPI/IRCTC/AXIS,debit,3244.81,Travel
15/01/2026,NEFT/AIR INDIA/TXN870653349938,debit,16811.93,Travel
15/01/2026,POS DELHI/CAFE COFFEE DAY,debit,285.79,Food & Drink
15/01/2026,NACH DR/SIP ZERODHA COIN/REF5667760951,debit,17786.88,Investment
16/01/2026,AUTO DEBIT/SONY LIV/SBI,debit,663.87,Entertainment
16/01/2026,POS PUNE/PVR CINEMAS,debit,366.51,Entertainment
16/01/2026,POS BENGALURU/BURGER KING,debit,453.46,Food & Drink
16/01/2026,AUTO DEBIT/SPOTIFY/AXIS,debit,136.1,Entertainment
16/01/2026,AUTO DEBIT/TATA PLAY/PNB,debit,444.74,Utilities
16/01/2026,POS GURGAON/H&M,debit,2356.13,Shopping
16/01/2026,UPI/BLINKIT FOOD/YES,debit,1072.4,Food & Drink
16/01/2026,POS DELHI/ZARA,debit,6557.46,Shopping
16/01/2026,IMPS DR/SECURITY DEPOSIT/FLAT,debit,72296.69,Rent
16/01/2026,UPI/AIRTEL POSTPAID/ICICI,debit,911.41,Utilities
16/01/2026,NEFT CR/HDFC/SALARY JAN/INFOSYS LTD,credit,114206.1,Salary
16/01/2026,AUTO DEBIT/SPOTIFY/HDFC,debit,144.44,Entertainment
16/01/2026,UPI/GROWW/HDFC,debit,32729.62,Investment
17/01/2026,AUTO DEBIT/ACT FIBERNET/HDFC,debit,1041.65,Utilities
17/01/2026,UPI/BHARAT GAS/YES,debit,855.9,Utilities
17/01/2026,UPI/MEDPLUS/BOB,debit,1458.55,Health & Fitness
17/01/2026,UPI/BLINKIT FOOD/YES,debit,842.39,Food & Drink
17/01/2026,POS GURGAON/DECATHLON,debit,598.1,Shopping
17/01/2026,POS JAIPUR/BURGER KING,debit,548.22,Food & Drink
17/01/2026,UPI/AIRTEL POSTPAID/ICICI,debit,513.6,Utilities
17/01/2026,UPI/AJIO/AXIS,debit,3872.99,Shopping
17/01/2026,NEFT DR/APARTMENT MAINTENANCE/JAN,debit,5624.35,Rent
17/01/2026,UPI/SWIGGY/AXIS,debit,298.27,Food & Drink
17/01/2026,UPI/AIRTEL POSTPAID/KOTAK,debit,1035.36,Utilities
17/01/2026,UPI/APOLLO PHARMACY/SBI,debit,1174.64,Health & Fitness
17/01/2026,UPI/STEAM GAMES/YES,debit,723.16,Entertainment
17/01/2026,POS MUMBAI/KFC,debit,237.44,Food & Drink
17/01/2026,UPI/AIRBNB/YES,debit,3402.65,Travel
17/01/2026,UPI/BEHROUZ BIRYANI/PNB,debit,769.7,Food & Drink
17/01/2026,UPI/GOIBIBO/BOB,debit,18364.54,Travel
17/01/2026,UPI/AJIO/KOTAK,debit,2455.9,Shopping
17/01/2026,POS PUNE/H&M,debit,2718.54,Shopping
18/01/2026,UPI/BLINKIT FOOD/HDFC,debit,1070.69,Food & Drink
18/01/2026,UPI/GOLD'S GYM/KOTAK,debit,2724.11,Health & Fitness
18/01/2026,UPI/SWIGGY/YES,debit,659.66,Food & Drink
18/01/2026,UPI/ZEPTO/BOB,debit,999.81,Food & Drink
18/01/2026,UPI/MYNTRA/YES,debit,1830.73,Shopping
18/01/2026,AUTO DEBIT/JIO FIBER/SBI,debit,1064.69,Utilities
18/01/2026,UPI/ZOSTEL/YES,debit,1055.89,Travel
18/01/2026,UPI/WATER BILL BBMP/YES,debit,531.93,Utilities
18/01/2026,POS PUNE/APPLE STORE,debit,6238.44,Shopping
19/01/2026,POS KOLKATA/SUBWAY,debit,313.92,Food & Drink
19/01/2026,UPI/REDBUS/PNB,debit,2024.86,Travel
19/01/2026,UPI/NESTAWAY RENT/ICICI,debit,21678.47,Rent
19/01/2026,POS PUNE/STARBUCKS,debit,543.58,Food & Drink
19/01/2026,POS DELHI/MCDONALDS,debit,197.75,Food & Drink
19/01/2026,UPI/1MG/HDFC,debit,1688.37,Health & Fitness
19/01/2026,UPI/BLINKIT FOOD/PNB,debit,1001.08,Food & Drink
19/01/2026,UPI/BLINKIT FOOD/KOTAK,debit,391.84,Food & Drink
19/01/2026,POS CHENNAI/PIZZA HUT,debit,536.79,Food & Drink
20/01/2026,POS PUNE/CROMA,debit,7348.04,Shopping
20/01/2026,UPI/TATACLIQ/SBI,debit,1239.97,Shopping
20/01/2026,UPI/MAMAEARTH/HDFC,debit,1233.92,Shopping
20/01/2026,AUTO DEBIT/ZEE5/AXIS,debit,115.6,Entertainment
20/01/2026,UPI/MAMAEARTH/AXIS,debit,1473.59,Shopping
20/01/2026,AUTO DEBIT/HEALTH INSURANCE/BOB,debit,4556.61,Health & Fitness
20/01/2026,AUTO DEBIT/AUDIBLE/YES,debit,341.44,Entertainment
20/01/2026,POS NOIDA/KFC,debit,464.56,Food & Drink
20/01/2026,POS AHMEDABAD/APOLLO HOSPITAL,debit,3519.81,Health & Fitness
20/01/2026,NACH DR/SIP ZERODHA COIN/REF3738362362,debit,5795.42,Investment
20/01/2026,UPI/WATER BILL BBMP/HDFC,debit,531.71,Utilities
20/01/2026,NACH DR/SIP GROWW/REF5439366473,debit,8904.58,Investment
21/01/2026,NACH DR/ET MONEY SIP/REF3170137829,debit,15175.75,Investment
21/01/2026,UPI/IGL GAS BILL/BOB,debit,894.36,Utilities
21/01/2026,UPI/DUNZO FOOD/YES,debit,528.74,Food & Drink
21/01/2026,UPI/FLIPKART/KOTAK,debit,6760.99,Shopping
21/01/2026,UPI/JIO POSTPAID/SBI,debit,331.19,Utilities
21/01/2026,SALARY HCL TECHNOLOGIES JAN,credit,98140.79,Salary
21/01/2026,AUTO DEBIT/ZEE5/YES,debit,207.26,Entertainment
21/01/2026,NEFT CR/TCS SALARY/JAN2026,credit,111871.12,Salary
21/01/2026,IMPS CR/957918756928/ACCENTURE SALARY/,credit,127982.11,Salary
21/01/2026,POS GURGAON/CROMA,debit,24443.81,Shopping
21/01/2026,POS AHMEDABAD/CAFE COFFEE DAY,debit,550.81,Food & Drink
21/01/2026,UPI/EASEMYTRIP/ICICI,debit,16226.72,Travel
21/01/2026,UPI/STEAM GAMES/KOTAK,debit,2171.52,Entertainment
21/01/2026,UPI/APOLLO PHARMACY/PNB,debit,2037.33,Health & Fitness
22/01/2026,UPI/NETMEDS/HDFC,debit,865.17,Health & Fitness
22/01/2026,NEFT DR/HOUSE RENT/JAN/LANDLORD,debit,29239.67,Rent
22/01/2026,UPI/EASEMYTRIP/BOB,debit,18426.76,Travel
22/01/2026,POS AHMEDABAD/RELIANCE DIGITAL,debit,9816.15,Shopping
22/01/2026,AUTO DEBIT/FASTAG RECHARGE/PNB,debit,406.99,Travel
22/01/2026,UPI/KUVERA MF/PNB,debit,16952.31,Investment
22/01/2026,POS JAIPUR/STARBUCKS,debit,770.3,Food & Drink
22/01/2026,NEFT/INDIGO AIRLINES/TXN366742651064,debit,16057.87,Travel
22/01/2026,POS BENGALURU/HALDIRAMS,debit,192.67,Food & Drink
22/01/2026,UPI/MSEDCL ELECTRICITY/ICICI,debit,4074.97,Utilities
22/01/2026,UPI/BSES BILL/ICICI,debit,1019.0,Utilities
22/01/2026,UPI/IGL GAS BILL/PNB,debit,537.05,Utilities
22/01/2026,UPI/IRCTC/HDFC,debit,3232.16,Travel
23/01/2026,UPI/FLIPKART/KOTAK,debit,3595.94,Shopping
23/01/2026,AUTO DEBIT/SPOTIFY/BOB,debit,160.49,Entertainment
23/01/2026,UPI/ZOMATO/AXIS,debit,304.3,Food & Drink
23/01/2026,UPI/SOCIETY MAINTENANCE/HDFC,debit,2882.73,Rent
23/01/2026,AUTO DEBIT/JIOCINEMAPREMIUM/BOB,debit,153.11,Entertainment
23/01/2026,UPI/MEDPLUS/BOB,debit,1990.31,Health & Fitness
23/01/2026,UPI/OYO ROOMS/YES,debit,7197.22,Travel
23/01/2026,NACH DR/HOME LOAN SBI/REF9272277508,debit,37288.35,Rent
23/01/2026,UPI/AJIO/HDFC,debit,1233.31,Shopping
23/01/2026,AUTO DEBIT/SONY LIV/PNB,debit,491.66,Entertainment
23/01/2026,UPI/AMAZON/PNB,debit,1722.82,Shopping
23/01/2026,NEFT CR/TCS SALARY/JAN2026,credit,95723.51,Salary
23/01/2026,UPI/APOLLO PHARMACY/SBI,debit,1739.99,Health & Fitness
23/01/2026,POS PUNE/BURGER KING,debit,367.76,Food & Drink
24/01/2026,UPI/PHARMEASY/YES,debit,923.47,Health & Fitness
24/01/2026,POS HYDERABAD/INOX MOVIES,debit,964.49,Entertainment
24/01/2026,NEFT/INDIGO AIRLINES/TXN448316454170,debit,6869.01,Travel
24/01/2026,UPI/ZOMATO/HDFC,debit,225.44,Food & Drink
24/01/2026,UPI/ZOMATO/SBI,debit,302.88,Food & Drink
24/01/2026,POS MUMBAI/MCDONALDS,debit,342.99,Food & Drink
24/01/2026,UPI/BOOKMYSHOW/ICICI,debit,1436.31,Entertainment
24/01/2026,POS CHENNAI/CAFE COFFEE DAY,debit,334.11,Food & Drink
24/01/2026,NACH DR/SIP ZERODHA COIN/REF9862657724,debit,18359.85,Investment
24/01/2026,UPI/BESCOM BILL/HDFC,debit,1534.21,Utilities
24/01/2026,UPI/GROWW/KOTAK,debit,33424.85,Investment
24/01/2026,UPI/ZEPTO/SBI,debit,579.37,Food & Drink
24/01/2026,POS PUNE/KFC,debit,432.95,Food & Drink
24/01/2026,UPI/FLIPKART/SBI,debit,5005.6,Shopping
24/01/2026,UPI/AMAZON/ICICI,debit,6994.83,Shopping
24/01/2026,AUTO DEBIT/HEALTH INSURANCE/KOTAK,debit,6697.17,Health & Fitness
25/01/2026,AUTO DEBIT/DISNEY HOTSTAR/AXIS,debit,399.21,Entertainment
25/01/2026,UPI/MAKEMYTRIP/AXIS,debit,15647.22,Travel
25/01/2026,UPI/BSES BILL/PNB,debit,2229.96,Utilities
25/01/2026,AUTO DEBIT/NETFLIX/AXIS,debit,430.44,Entertainment
25/01/2026,AUTO DEBIT/CULT FIT/BOB,debit,3746.0,Health & Fitness
25/01/2026,UPI/STEAM GAMES/AXIS,debit,2127.8,Entertainment
25/01/2026,POS GURGAON/INOX MOVIES,debit,588.18,Entertainment
25/01/2026,UPI/BLINKIT FOOD/ICICI,debit,664.65,Food & Drink
25/01/2026,UPI/FLIPKART/KOTAK,debit,4173.68,Shopping
25/01/2026,AUTO DEBIT/DISNEY HOTSTAR/BOB,debit,564.51,Entertainment
25/01/2026,UPI/BPCL FUEL/HDFC,debit,3036.83,Travel
25/01/2026,UPI/THYROCARE/YES,debit,417.09,Health & Fitness
25/01/2026,NACH DR/ET MONEY SIP/REF8682023540,debit,2600.56,Investment
25/01/2026,AUTO DEBIT/YOUTUBE PREMIUM/ICICI,debit,185.68,Entertainment
25/01/2026,UPI/MFINE/YES,debit,1129.66,Health & Fitness
25/01/2026,POS PUNE/SUBWAY,debit,207.06,Food & Drink
25/01/2026,UPI/SWIGGY/SBI,debit,312.02,Food & Drink
26/01/2026,UPI/BESCOM BILL/SBI,debit,1153.8,Utilities
26/01/2026,UPI/LPG CYLINDER HP/KOTAK,debit,967.0,Utilities
26/01/2026,UPI/AMAZON/KOTAK,debit,4782.23,Shopping
26/01/2026,AUTO DEBIT/CULT FIT/BOB,debit,3905.16,Health & Fitness
26/01/2026,AUTO DEBIT/ZEE5/YES,debit,286.7,Entertainment
26/01/2026,UPI/ZEPTO/BOB,debit,831.03,Food & Drink
26/01/2026,UPI/ZOMATO/HDFC,debit,883.84,Food & Drink
26/01/2026,UPI/AIRTEL XSTREAM FIBER/SBI,debit,901.3,Utilities
26/01/2026,UPI/FASTTAG NHAI/SBI,debit,264.12,Travel
26/01/2026,NACH DR/LIC PREMIUM/REF2506179666,debit,7097.43,Investment
26/01/2026,AUTO DEBIT/TATA PLAY/KOTAK,debit,240.21,Utilities
26/01/2026,NACH DR/LIC PREMIUM/REF9759180824,debit,8956.26,Investment
26/01/2026,POS DELHI/BURGER KING,debit,525.86,Food & Drink
26/01/2026,UPI/AIRTEL POSTPAID/PNB,debit,660.77,Utilities
27/01/2026,POS CHENNAI/DOMINOS PIZZA,debit,471.46,Food & Drink
27/01/2026,POS MUMBAI/INDIANOIL,debit,3330.3,Travel
27/01/2026,AUTO DEBIT/YOUTUBE PREMIUM/PNB,debit,147.82,Entertainment
27/01/2026,UPI/MAKEMYTRIP/KOTAK,debit,7999.46,Travel
27/01/2026,UPI/MFINE/PNB,debit,943.66,Health & Fitness
27/01/2026,UPI/IGL GAS BILL/HDFC,debit,924.77,Utilities
27/01/2026,UPI/FASTTAG NHAI/YES,debit,302.37,Travel
27/01/2026,POS KOLKATA/BURGER KING,debit,399.74,Food & Drink
27/01/2026,POS GURGAON/CAFE COFFEE DAY,debit,305.63,Food & Drink
27/01/2026,UPI/UPSTOX/ICICI,debit,75954.54,Investment
27/01/2026,SALARY HCL TECHNOLOGIES JAN,credit,99709.29,Salary
27/01/2026,UPI/FLIPKART/KOTAK,debit,4083.25,Shopping
27/01/2026,UPI/MAKEMYTRIP/YES,debit,4803.1,Travel
27/01/2026,AUTO DEBIT/NETFLIX/YES,debit,304.08,Entertainment
27/01/2026,UPI/PHARMEASY/ICICI,debit,1282.39,Health & Fitness
28/01/2026,POS PUNE/H&M,debit,3786.87,Shopping
28/01/2026,POS MUMBAI/BURGER KING,debit,603.83,Food & Drink
28/01/2026,UPI/VI POSTPAID/ICICI,debit,421.98,Utilities
28/01/2026,UPI/INDMONEY/KOTAK,debit,25690.78,Investment
28/01/2026,UPI/PRACTO/KOTAK,debit,590.95,Health & Fitness
28/01/2026,UPI/BOOKMYSHOW/YES,debit,1398.15,Entertainment
28/01/2026,UPI/HPCL PETROL PUMP/SBI,debit,2496.98,Travel
28/01/2026,POS JAIPUR/STARBUCKS,debit,564.01,Food & Drink
28/01/2026,UPI/ZOMATO/ICICI,debit,462.43,Food & Drink
28/01/2026,POS KOLKATA/PIZZA HUT,debit,507.84,Food & Drink
28/01/2026,POS MUMBAI/BURGER KING,debit,320.42,Food & Drink
28/01/2026,UPI/PG RENT/STANZA LIVING/ICICI,debit,10988.41,Rent
28/01/2026,UPI/LPG CYLINDER HP/AXIS,debit,911.98,Utilities
28/01/2026,UPI/SWIGGY/YES,debit,464.88,Food & Drink
28/01/2026,UPI/MEESHO/BOB,debit,1871.78,Shopping
29/01/2026,UPI/STEAM GAMES/AXIS,debit,1723.93,Entertainment
29/01/2026,POS NOIDA/KFC,debit,313.23,Food & Drink
29/01/2026,UPI/MFINE/PNB,debit,688.74,Health & Fitness
29/01/2026,POS KOLKATA/MCDONALDS,debit,580.07,Food & Drink
29/01/2026,UPI/FASSOS/BOB,debit,282.22,Food & Drink
29/01/2026,UPI/ZOMATO/SBI,debit,231.53,Food & Drink
29/01/2026,UPI/NETMEDS/AXIS,debit,1095.53,Health & Fitness
29/01/2026,NEFT/INDIGO AIRLINES/TXN830810210990,debit,6367.03,Travel
29/01/2026,UPI/BHARAT GAS/PNB,debit,852.56,Utilities
29/01/2026,AUTO DEBIT/DISNEY HOTSTAR/SBI,debit,877.71,Entertainment
29/01/2026,NACH DR/PPF DEPOSIT SBI/REF2372322277,debit,33628.4,Investment
29/01/2026,POS PUNE/KFC,debit,447.6,Food & Drink
29/01/2026,UPI/BLINKIT FOOD/SBI,debit,638.96,Food & Drink
29/01/2026,UPI/MGL GAS BILL/AXIS,debit,529.38,Utilities
29/01/2026,UPI/IXIGO/YES,debit,2991.58,Travel
29/01/2026,UPI/VI POSTPAID/YES,debit,410.8,Utilities
29/01/2026,UPI/MSEDCL ELECTRICITY/KOTAK,debit,2909.1,Utilities
30/01/2026,UPI/THYROCARE/AXIS,debit,1860.43,Health & Fitness
30/01/2026,NACH/COLIVE RENT/JAN,debit,15661.93,Rent
30/01/2026,POS DELHI/D-MART,debit,1170.39,Shopping
30/01/2026,POS CHENNAI/DOMINOS PIZZA,debit,372.16,Food & Drink
30/01/2026,POS MUMBAI/SHOPPERS STOP,debit,4744.34,Shopping
30/01/2026,UPI/AIRTEL XSTREAM FIBER/KOTAK,debit,785.42,Utilities
30/01/2026,UPI/FLIPKART/YES,debit,5996.87,Shopping
30/01/2026,POS DELHI/CAFE COFFEE DAY,debit,158.46,Food & Drink
30/01/2026,AUTO DEBIT/SPOTIFY/PNB,debit,145.74,Entertainment
30/01/2026,UPI/SPICEJET/SBI,debit,9505.71,Travel
30/01/2026,POS NOIDA/INDIANOIL,debit,3365.06,Travel
30/01/2026,UPI/GOLD'S GYM/BOB,debit,2357.59,Health & Fitness
30/01/2026,POS GURGAON/DECATHLON,debit,3914.63,Shopping
30/01/2026,AUTO DEBIT/NETFLIX/HDFC,debit,538.84,Entertainment
30/01/2026,POS AHMEDABAD/PIZZA HUT,debit,675.06,Food & Drink
30/01/2026,UPI/EASEMYTRIP/PNB,debit,2816.65,Travel
30/01/2026,UPI/BLINKIT FOOD/HDFC,debit,947.92,Food & Drink
30/01/2026,POS MUMBAI/CROMA,debit,22678.65,Shopping
30/01/2026,UPI/PG RENT/STANZA LIVING/SBI,debit,9640.26,Rent
30/01/2026,UPI/ZOMATO/KOTAK,debit,728.67,Food & Drink
30/01/2026,UPI/MAMAEARTH/YES,debit,946.71,Shopping
31/01/2026,UPI/BSES BILL/HDFC,debit,2303.67,Utilities
31/01/2026,POS BENGALURU/BURGER KING,debit,279.72,Food & Drink
31/01/2026,POS JAIPUR/CAFE COFFEE DAY,debit,497.94,Food & Drink
31/01/2026,UPI/SWIGGY/HDFC,debit,1073.26,Food & Drink
31/01/2026,AUTO DEBIT/ACT FIBERNET/SBI,debit,1112.05,Utilities
31/01/2026,UPI/BPCL FUEL/PNB,debit,3763.49,Travel
31/01/2026,NACH DR/ELSS SIP/REF3368536195,debit,16486.86,Investment
31/01/2026,UPI/1MG/ICICI,debit,2232.45,Health & Fitness
31/01/2026,NACH DR/SIP ZERODHA COIN/REF5454064409,debit,3008.98,Investment
31/01/2026,UPI/SOCIETY MAINTENANCE/AXIS,debit,2467.1,Rent
31/01/2026,UPI/AMAZON/PNB,debit,7910.79,Shopping
31/01/2026,UPI/BOAT LIFESTYLE/SBI,debit,3061.35,Shopping
31/01/2026,UPI/APOLLO PHARMACY/KOTAK,debit,826.75,Health & Fitness
31/01/2026,NACH DR/LIC PREMIUM/REF5067594934,debit,10772.52,Investment
31/01/2026,UPI/HPCL PETROL PUMP/AXIS,debit,572.99,Travel
01/02/2026,NEFT/INDIGO AIRLINES/TXN395295136297,debit,12805.25,Travel
01/02/2026,UPI/ZOMATO/KOTAK,debit,917.66,Food & Drink
01/02/2026,POS BENGALURU/KFC,debit,421.57,Food & Drink
01/02/2026,UPI/REDBUS/AXIS,debit,1495.09,Travel
01/02/2026,POS MUMBAI/HALDIRAMS,debit,676.67,Food & Drink
01/02/2026,UPI/BOOKMYSHOW/PNB,debit,375.92,Entertainment
01/02/2026,UPI/AMAZON/ICICI,debit,2854.78,Shopping
01/02/2026,UPI/NESTAWAY RENT/BOB,debit,12809.94,Rent
01/02/2026,POS GURGAON/PVR CINEMAS,debit,608.31,Entertainment
01/02/2026,AUTO DEBIT/FASTAG RECHARGE/PNB,debit,677.63,Travel
01/02/2026,UPI/PHARMEASY/PNB,debit,1752.04,Health & Fitness
01/02/2026,POS BENGALURU/DECATHLON,debit,2365.37,Shopping
02/02/2026,AUTO DEBIT/AMAZON PRIME VIDEO/HDFC,debit,291.72,Entertainment
02/02/2026,NEFT DR/APARTMENT MAINTENANCE/FEB,debit,2733.09,Rent
02/02/2026,UPI/BSES BILL/HDFC,debit,2253.61,Utilities
02/02/2026,AUTO DEBIT/ACT FIBERNET/SBI,debit,1097.41,Utilities
02/02/2026,AUTO DEBIT/ACT FIBERNET/HDFC,debit,534.08,Utilities
02/02/2026,UPI/JIO POSTPAID/KOTAK,debit,996.02,Utilities
02/02/2026,AUTO DEBIT/NETFLIX/YES,debit,544.45,Entertainment
02/02/2026,UPI/TATACLIQ/HDFC,debit,5530.1,Shopping
02/02/2026,AUTO DEBIT/TATA PLAY/PNB,debit,517.09,Utilities
02/02/2026,UPI/MEESHO/PNB,debit,1627.23,Shopping
02/02/2026,UPI/LPG CYLINDER HP/HDFC,debit,1059.81,Utilities
02/02/2026,UPI/SOCIETY MAINTENANCE/SBI,debit,1879.32,Rent
03/02/2026,AUTO DEBIT/SONY LIV/KOTAK,debit,389.77,Entertainment
03/02/2026,AUTO DEBIT/AMAZON PRIME VIDEO/PNB,debit,265.02,Entertainment
03/02/2026,UPI/ZEPTO/YES,debit,1076.39,Food & Drink
03/02/2026,UPI/BSES BILL/YES,debit,3031.0,Utilities
03/02/2026,NEFT/AIR INDIA/TXN984900573113,debit,15116.13,Travel
03/02/2026,UPI/PHARMEASY/BOB,debit,1145.03,Health & Fitness
03/02/2026,UPI/GOIBIBO/HDFC,debit,14318.64,Travel
03/02/2026,AUTO DEBIT/YOUTUBE PREMIUM/KOTAK,debit,175.52,Entertainment
03/02/2026,NACH DR/LIC PREMIUM/REF5223016951,debit,9912.14,Investment
04/02/2026,UPI/REDBUS/KOTAK,debit,1497.96,Travel
04/02/2026,POS PUNE/INOX MOVIES,debit,595.06,Entertainment
04/02/2026,UPI/UPSTOX/AXIS,debit,18643.33,Investment
04/02/2026,NACH DR/LIC PREMIUM/REF7550139546,debit,6640.92,Investment
04/02/2026,UPI/APOLLO PHARMACY/YES,debit,1534.28,Health & Fitness
04/02/2026,UPI/AMAZON/PNB,debit,1688.85,Shopping
04/02/2026,NEFT CR/AMAZON INDIA SALARY FEB,credit,124292.01,Salary
04/02/2026,UPI/PRACTO/SBI,debit,348.53,Health & Fitness
04/02/2026,UPI/FLIPKART/HDFC,debit,4367.54,Shopping
04/02/2026,UPI/PG RENT/STANZA LIVING/BOB,debit,15346.41,Rent
04/02/2026,UPI/SWIGGY/BOB,debit,321.96,Food & Drink
04/02/2026,NACH DR/ELSS SIP/REF9428056968,debit,8980.33,Investment
05/02/2026,UPI/BLINKIT FOOD/KOTAK,debit,874.46,Food & Drink
05/02/2026,UPI/NYKAA/AXIS,debit,1889.83,Shopping
05/02/2026,AUTO DEBIT/TATA PLAY/ICICI,debit,439.64,Utilities
05/02/2026,AUTO DEBIT/YOUTUBE PREMIUM/BOB,debit,186.65,Entertainment
05/02/2026,AUTO DEBIT/AMAZON PRIME VIDEO/HDFC,debit,286.58,Entertainment
05/02/2026,UPI/WATER BILL BBMP/ICICI,debit,472.43,Utilities
05/02/2026,UPI/PRACTO/YES,debit,1149.73,Health & Fitness
05/02/2026,UPI/FASTTAG NHAI/KOTAK,debit,282.78,Travel
05/02/2026,UPI/FLIPKART/SBI,debit,2551.5,Shopping
05/02/2026,NACH DR/ET MONEY SIP/REF8359619163,debit,6220.88,Investment
05/02/2026,UPI/GOLD'S GYM/PNB,debit,2837.9,Health & Fitness
05/02/2026,POS JAIPUR/KFC,debit,494.57,Food & Drink
06/02/2026,AUTO DEBIT/ACT FIBERNET/SBI,debit,1186.77,Utilities
06/02/2026,UPI/NETMEDS/KOTAK,debit,227.95,Health & Fitness
06/02/2026,AUTO DEBIT/AMAZON PRIME VIDEO/PNB,debit,265.31,Entertainment
06/02/2026,NEFT DR/HOUSE RENT/FEB/LANDLORD,debit,16939.6,Rent
06/02/2026,UPI/IRCTC/KOTAK,debit,3703.49,Travel
06/02/2026,POS DELHI/D-MART,debit,3144.78,Shopping
07/02/2026,NACH DR/HOME LOAN EMI/HDFC BANK,debit,43662.19,Rent
07/02/2026,UPI/ZEPTO/AXIS,debit,762.5,Food & Drink
07/02/2026,NACH DR/ET MONEY SIP/REF2138185235,debit,13553.59,Investment
07/02/2026,NACH DR/LIC PREMIUM/REF5976159420,debit,10565.51,Investment
07/02/2026,UPI/SWIGGY/HDFC,debit,942.41,Food & Drink
07/02/2026,UPI/FLAT RENT/BOB,debit,12185.76,Rent
07/02/2026,UPI/BEHROUZ BIRYANI/YES,debit,637.92,Food & Drink
07/02/2026,UPI/EASEMYTRIP/YES,debit,8466.52,Travel
07/02/2026,UPI/INDMONEY/SBI,debit,13460.18,Investment
07/02/2026,NACH DR/SIP ZERODHA COIN/REF4158704317,debit,11549.92,Investment
07/02/2026,UPI/FLIPKART/AXIS,debit,5234.26,Shopping
07/02/2026,AUTO DEBIT/ZEE5/YES,debit,257.71,Entertainment
07/02/2026,UPI/DUNZO FOOD/BOB,debit,256.25,Food & Drink
07/02/2026,AUTO DEBIT/SPOTIFY/AXIS,debit,173.93,Entertainment
07/02/2026,UPI/HPCL PETROL PUMP/BOB,debit,3042.02,Travel
07/02/2026,POS KOLKATA/PVR CINEMAS,debit,926.08,Entertainment
07/02/2026,UPI/ZOMATO/HDFC,debit,304.13,Food & Drink
08/02/2026,UPI/PRACTO/KOTAK,debit,391.84,Health & Fitness
08/02/2026,UPI/KUVERA MF/HDFC,debit,8316.32,Investment
08/02/2026,UPI/AIRTEL POSTPAID/ICICI,debit,504.62,Utilities
08/02/2026,NACH DR/SIP ZERODHA COIN/REF5397241324,debit,2222.49,Investment
08/02/2026,AUTO DEBIT/AMAZON PRIME VIDEO/HDFC,debit,241.48,Entertainment
08/02/2026,UPI/LPG CYLINDER HP/YES,debit,964.47,Utilities
08/02/2026,UPI/MEDPLUS/PNB,debit,2481.76,Health & Fitness
08/02/2026,NACH DR/SIP GROWW/REF1093852809,debit,12037.31,Investment
08/02/2026,UPI/BLINKIT FOOD/SBI,debit,1453.62,Food & Drink
08/02/2026,UPI/DUNZO FOOD/HDFC,debit,274.87,Food & Drink
08/02/2026,NACH DR/SIP GROWW/REF6313758032,debit,9435.0,Investment
08/02/2026,POS DELHI/SHOPPERS STOP,debit,3357.81,Shopping
08/02/2026,AUTO DEBIT/FASTAG RECHARGE/BOB,debit,318.32,Travel
08/02/2026,UPI/AMAZON/SBI,debit,574.88,Shopping
08/02/2026,UPI/REDBUS/AXIS,debit,1556.04,Travel
08/02/2026,POS GURGAON/SUBWAY,debit,238.61,Food & Drink
08/02/2026,UPI/ZOMATO/PNB,debit,1000.21,Food & Drink
09/02/2026,NEFT DR/HOUSE RENT/FEB/LANDLORD,debit,30154.68,Rent
09/02/2026,POS NOIDA/APPLE STORE,debit,17671.92,Shopping
09/02/2026,POS PUNE/MCDONALDS,debit,271.33,Food & Drink
09/02/2026,AUTO DEBIT/FASTAG RECHARGE/SBI,debit,430.91,Travel
09/02/2026,UPI/MYNTRA/BOB,debit,1633.18,Shopping
09/02/2026,UPI/BLINKIT FOOD/YES,debit,1024.0,Food & Drink
09/02/2026,NEFT DR/HOUSE RENT/FEB/LANDLORD,debit,28943.86,Rent
09/02/2026,POS JAIPUR/RELIANCE DIGITAL,debit,17868.52,Shopping
09/02/2026,AUTO DEBIT/FASTAG RECHARGE/PNB,debit,850.55,Travel
09/02/2026,UPI/MGL GAS BILL/ICICI,debit,1366.56,Utilities
09/02/2026,UPI/AIRTEL POSTPAID/ICICI,debit,861.03,Utilities
09/02/2026,POS BENGALURU/CROMA,debit,9450.46,Shopping
09/02/2026,AUTO DEBIT/FASTAG RECHARGE/AXIS,debit,891.48,Travel
09/02/2026,UPI/WATER BILL BBMP/ICICI,debit,493.77,Utilities
10/02/2026,NACH DR/ET MONEY SIP/REF7851463947,debit,11746.24,Investment
10/02/2026,UPI/APOLLO PHARMACY/SBI,debit,1767.58,Health & Fitness
10/02/2026,POS AHMEDABAD/KFC,debit,324.14,Food & Drink
10/02/2026,UPI/PRACTO/KOTAK,debit,1182.51,Health & Fitness
10/02/2026,UPI/AIRTEL POSTPAID/HDFC,debit,1185.26,Utilities
10/02/2026,POS KOLKATA/CAFE COFFEE DAY,debit,217.97,Food & Drink
10/02/2026,UPI/MEESHO/ICICI,debit,1965.82,Shopping
10/02/2026,UPI/MAMAEARTH/PNB,debit,1063.99,Shopping
10/02/2026,AUTO DEBIT/APPLE MUSIC/YES,debit,105.1,Entertainment
10/02/2026,UPI/AIRTEL POSTPAID/BOB,debit,1196.81,Utilities
10/02/2026,UPI/SOCIETY MAINTENANCE/AXIS,debit,2855.92,Rent
10/02/2026,NACH DR/SIP GROWW/REF9863217924,debit,7378.25,Investment
10/02/2026,UPI/NYKAA/SBI,debit,2342.72,Shopping
10/02/2026,UPI/FLAT RENT/YES,debit,20074.83,Rent
10/02/2026,UPI/PG RENT/STANZA LIVING/PNB,debit,10861.11,Rent
10/02/2026,UPI/FLAT RENT/KOTAK,debit,14367.83,Rent
11/02/2026,UPI/BESCOM BILL/ICICI,debit,1740.71,Utilities
11/02/2026,UPI/AMAZON/HDFC,debit,6488.39,Shopping
11/02/2026,UPI/BPCL FUEL/HDFC,debit,1394.26,Travel
11/02/2026,UPI/CHAAYOS/SBI,debit,344.11,Food & Drink
11/02/2026,UPI/MSEDCL ELECTRICITY/AXIS,debit,1243.76,Utilities
11/02/2026,SALARY CREDIT WIPRO LTD FEB 2026,credit,77271.47,Salary
11/02/2026,UPI/SOCIETY MAINTENANCE/KOTAK,debit,3709.51,Rent
11/02/2026,UPI/AIRTEL POSTPAID/HDFC,debit,992.52,Utilities
11/02/2026,AUTO DEBIT/ZEE5/HDFC,debit,205.58,Entertainment
11/02/2026,UPI/AMAZON/ICICI,debit,6734.62,Shopping
11/02/2026,UPI/ZOMATO/ICICI,debit,511.86,Food & Drink
11/02/2026,POS MUMBAI/BARBEQUE NATION,debit,1898.42,Food & Drink
11/02/2026,UPI/ZOMATO/BOB,debit,574.77,Food & Drink
11/02/2026,UPI/ZEPTO/BOB,debit,340.26,Food & Drink
11/02/2026,AUTO DEBIT/TATA PLAY/SBI,debit,359.37,Utilities
11/02/2026,UPI/CHAAYOS/KOTAK,debit,375.63,Food & Drink
11/02/2026,UPI/IRCTC/SBI,debit,1047.65,Travel
11/02/2026,UPI/PRACTO/AXIS,debit,1034.28,Health & Fitness
11/02/2026,UPI/IRCTC/AXIS,debit,2645.76,Travel
11/02/2026,POS HYDERABAD/ZARA,debit,1686.55,Shopping
11/02/2026,POS PUNE/HALDIRAMS,debit,162.75,Food & Drink
11/02/2026,POS KOLKATA/CAFE COFFEE DAY,debit,468.93,Food & Drink
12/02/2026,UPI/SWIGGY/PNB,debit,281.5,Food & Drink
12/02/2026,UPI/BHARAT GAS/HDFC,debit,895.8,Utilities
12/02/2026,UPI/ZEPTO/YES,debit,582.37,Food & Drink
12/02/2026,POS DELHI/APOLLO HOSPITAL,debit,10991.67,Health & Fitness
12/02/2026,POS JAIPUR/RELIANCE DIGITAL,debit,12018.27,Shopping
12/02/2026,UPI/MEDPLUS/AXIS,debit,921.61,Health & Fitness
12/02/2026,UPI/BSES BILL/ICICI,debit,1034.63,Utilities
12/02/2026,UPI/ZEPTO/YES,debit,410.03,Food & Drink
12/02/2026,UPI/AIRTEL POSTPAID/AXIS,debit,482.4,Utilities
12/02/2026,UPI/SPICEJET/YES,debit,6135.91,Travel
12/02/2026,SALARY CREDIT WIPRO LTD FEB 2026,credit,89622.04,Salary
12/02/2026,POS MUMBAI/DOMINOS PIZZA,debit,768.23,Food & Drink
12/02/2026,UPI/1MG/BOB,debit,304.83,Health & Fitness
12/02/2026,UPI/NETMEDS/BOB,debit,809.63,Health & Fitness
12/02/2026,POS HYDERABAD/H&M,debit,1095.67,Shopping
12/02/2026,UPI/MEESHO/HDFC,debit,1389.9,Shopping
12/02/2026,POS JAIPUR/DECATHLON,debit,3773.21,Shopping
12/02/2026,UPI/FLAT RENT/SBI,debit,20992.98,Rent
12/02/2026,UPI/BHARAT GAS/KOTAK,debit,954.36,Utilities
12/02/2026,UPI/KUVERA MF/SBI,debit,23720.99,Investment
13/02/2026,POS HYDERABAD/HALDIRAMS,debit,579.54,Food & Drink
13/02/2026,AUTO DEBIT/FASTAG RECHARGE/PNB,debit,981.79,Travel
13/02/2026,UPI/CHAAYOS/ICICI,debit,223.51,Food & Drink
13/02/2026,UPI/LPG CYLINDER HP/YES,debit,1000.93,Utilities
13/02/2026,UPI/ZOSTEL/ICICI,debit,2750.89,Travel
13/02/2026,AUTO DEBIT/NETFLIX/KOTAK,debit,483.01,Entertainment
13/02/2026,UPI/MYNTRA/BOB,debit,3452.41,Shopping
13/02/2026,UPI/GOIBIBO/SBI,debit,3624.12,Travel
13/02/2026,UPI/UPSTOX/HDFC,debit,49830.57,Investment
13/02/2026,UPI/MEDPLUS/HDFC,debit,1187.02,Health & Fitness
14/02/2026,UPI/TATACLIQ/YES,debit,2517.59,Shopping
14/02/2026,POS JAIPUR/INDIANOIL,debit,517.18,Travel
14/02/2026,UPI/SWIGGY/SBI,debit,746.01,Food & Drink
14/02/2026,UPI/MEDPLUS/YES,debit,1517.34,Health & Fitness
14/02/2026,AUTO DEBIT/JIOCINEMAPREMIUM/PNB,debit,145.41,Entertainment
14/02/2026,UPI/BEWAKOOF/YES,debit,484.28,Shopping
14/02/2026,POS AHMEDABAD/MCDONALDS,debit,261.29,Food & Drink
14/02/2026,UPI/1MG/KOTAK,debit,1307.22,Health & Fitness
14/02/2026,UPI/ZOSTEL/BOB,debit,2984.39,Travel
14/02/2026,UPI/JIO POSTPAID/HDFC,debit,544.89,Utilities
14/02/2026,UPI/AIRTEL POSTPAID/KOTAK,debit,425.26,Utilities
14/02/2026,POS DELHI/INOX MOVIES,debit,1025.09,Entertainment
14/02/2026,POS KOLKATA/PVR CINEMAS,debit,819.2,Entertainment
15/02/2026,UPI/IRCTC/SBI,debit,1047.88,Travel
15/02/2026,UPI/REDBUS/HDFC,debit,839.7,Travel
15/02/2026,UPI/CHAAYOS/KOTAK,debit,294.18,Food & Drink
15/02/2026,UPI/INDMONEY/ICICI,debit,42730.92,Investment
15/02/2026,AUTO DEBIT/AMAZON PRIME VIDEO/AXIS,debit,270.22,Entertainment
15/02/2026,UPI/FASTTAG NHAI/ICICI,debit,432.99,Travel
15/02/2026,AUTO DEBIT/ZEE5/KOTAK,debit,349.44,Entertainment
15/02/2026,NEFT CR/AMAZON INDIA SALARY FEB,credit,131565.13,Salary
16/02/2026,UPI/INDMONEY/PNB,debit,8944.08,Investment
16/02/2026,UPI/MSEDCL ELECTRICITY/AXIS,debit,4760.49,Utilities
16/02/2026,UPI/REDBUS/AXIS,debit,987.22,Travel
16/02/2026,UPI/BEWAKOOF/YES,debit,1237.84,Shopping
16/02/2026,POS PUNE/ZARA,debit,6340.91,Shopping
16/02/2026,UPI/MAMAEARTH/HDFC,debit,1740.91,Shopping
16/02/2026,UPI/AMAZON/YES,debit,3398.48,Shopping
16/02/2026,UPI/EASEMYTRIP/KOTAK,debit,15447.64,Travel
16/02/2026,UPI/AMAZON/PNB,debit,3967.15,Shopping
16/02/2026,UPI/IGL GAS BILL/BOB,debit,395.8,Utilities
16/02/2026,POS DELHI/FORTIS HOSPITAL,debit,12407.4,Health & Fitness
16/02/2026,UPI/BPCL FUEL/AXIS,debit,1395.43,Travel
16/02/2026,POS MUMBAI/SUBWAY,debit,563.59,Food & Drink
17/02/2026,UPI/BOOKMYSHOW/YES,debit,1395.4,Entertainment
17/02/2026,UPI/BOOKMYSHOW/AXIS,debit,1414.9,Entertainment
17/02/2026,AUTO DEBIT/ACT FIBERNET/BOB,debit,754.71,Utilities
17/02/2026,SALARY CREDIT COGNIZANT FEB 2026,credit,87519.65,Salary
17/02/2026,POS HYDERABAD/APOLLO HOSPITAL,debit,12550.18,Health & Fitness
17/02/2026,UPI/GOIBIBO/ICICI,debit,10824.31,Travel
17/02/2026,UPI/GOIBIBO/ICICI,debit,16787.73,Travel
17/02/2026,UPI/AMAZON/ICICI,debit,7722.94,Shopping
17/02/2026,UPI/BSES BILL/PNB,debit,4137.77,Utilities
17/02/2026,UPI/BOOKMYSHOW/PNB,debit,483.97,Entertainment
17/02/2026,UPI/HEALTHIFYME/KOTAK,debit,1318.21,Health & Fitness
18/02/2026,POS CHENNAI/CROMA,debit,17969.57,Shopping
18/02/2026,UPI/MAKEMYTRIP/ICICI,debit,23232.63,Travel
18/02/2026,UPI/AIRTEL POSTPAID/ICICI,debit,1058.6,Utilities
18/02/2026,NEFT DR/HOUSE RENT/FEB/LANDLORD,debit,28667.81,Rent
18/02/2026,UPI/ZOMATO/ICICI,debit,187.11,Food & Drink
18/02/2026,UPI/FASTTAG NHAI/HDFC,debit,114.08,Travel
18/02/2026,UPI/JIO POSTPAID/HDFC,debit,693.97,Utilities
18/02/2026,UPI/AMAZON/HDFC,debit,2690.01,Shopping
18/02/2026,POS KOLKATA/APOLLO HOSPITAL,debit,4607.37,Health & Fitness
18/02/2026,UPI/SOCIETY MAINTENANCE/AXIS,debit,3109.68,Rent
18/02/2026,UPI/IRCTC/YES,debit,4140.19,Travel
18/02/2026,UPI/MYNTRA/YES,debit,1442.93,Shopping
18/02/2026,UPI/BPCL FUEL/KOTAK,debit,4088.83,Travel
18/02/2026,UPI/BEHROUZ BIRYANI/PNB,debit,612.25,Food & Drink
18/02/2026,NACH DR/HOME LOAN SBI/REF1084790270,debit,33174.49,Rent
19/02/2026,AUTO DEBIT/TATA PLAY/KOTAK,debit,694.38,Utilities
19/02/2026,UPI/MGL GAS BILL/YES,debit,1282.15,Utilities
19/02/2026,UPI/PARADISE BIRYANI/YES,debit,446.22,Food & Drink
19/02/2026,AUTO DEBIT/APPLE MUSIC/ICICI,debit,169.35,Entertainment
19/02/2026,AUTO DEBIT/NETFLIX/PNB,debit,426.46,Entertainment
19/02/2026,POS KOLKATA/DOMINOS PIZZA,debit,646.31,Food & Drink
19/02/2026,UPI/FLIPKART/KOTAK,debit,3114.51,Shopping
19/02/2026,POS HYDERABAD/D-MART,debit,1897.27,Shopping
19/02/2026,UPI/BOAT LIFESTYLE/HDFC,debit,2785.87,Shopping
19/02/2026,UPI/GOLD'S GYM/SBI,debit,1577.34,Health & Fitness
19/02/2026,AUTO DEBIT/AUDIBLE/AXIS,debit,280.68,Entertainment
19/02/2026,AUTO DEBIT/SPOTIFY/ICICI,debit,122.4,Entertainment
20/02/2026,UPI/FLIPKART/HDFC,debit,4936.42,Shopping
20/02/2026,UPI/IRCTC/KOTAK,debit,4008.0,Travel
20/02/2026,UPI/NESTAWAY RENT/HDFC,debit,14331.54,Rent
20/02/2026,UPI/FLIPKART/SBI,debit,2081.13,Shopping
20/02/2026,NACH DR/RD INSTALLMENT/PNB,debit,8524.78,Investment
20/02/2026,POS AHMEDABAD/H&M,debit,941.76,Shopping
20/02/2026,POS GURGAON/PIZZA HUT,debit,632.07,Food & Drink
20/02/2026,UPI/BLINKIT FOOD/AXIS,debit,1226.57,Food & Drink
20/02/2026,UPI/ZEPTO/KOTAK,debit,966.3,Food & Drink
20/02/2026,UPI/SWIGGY/PNB,debit,790.46,Food & Drink
20/02/2026,UPI/THYROCARE/ICICI,debit,1983.53,Health & Fitness
20/02/2026,UPI/BLINKIT FOOD/SBI,debit,844.87,Food & Drink
20/02/2026,NEFT CR/TCS SALARY/FEB2026,credit,102017.41,Salary
20/02/2026,UPI/BSES BILL/KOTAK,debit,3488.75,Utilities
20/02/2026,POS DELHI/STARBUCKS,debit,385.59,Food & Drink
20/02/2026,NEFT/INDIGO AIRLINES/TXN755996572035,debit,3881.28,Travel
20/02/2026,POS AHMEDABAD/PIZZA HUT,debit,726.31,Food & Drink
20/02/2026,NACH DR/SIP ZERODHA COIN/REF9337145038,debit,9773.26,Investment
20/02/2026,UPI/AIRTEL POSTPAID/ICICI,debit,1134.41,Utilities
20/02/2026,UPI/BLINKIT FOOD/AXIS,debit,862.75,Food & Drink
21/02/2026,NEFT DR/APARTMENT MAINTENANCE/FEB,debit,5074.11,Rent
21/02/2026,UPI/NYKAA/YES,debit,1498.51,Shopping
21/02/2026,AUTO DEBIT/NETFLIX/HDFC,debit,565.46,Entertainment
21/02/2026,POS PUNE/DOMINOS PIZZA,debit,463.61,Food & Drink
21/02/2026,AUTO DEBIT/TATA PLAY/HDFC,debit,645.0,Utilities
21/02/2026,POS BENGALURU/PIZZA HUT,debit,946.98,Food & Drink
21/02/2026,UPI/NETMEDS/HDFC,debit,468.09,Health & Fitness
21/02/2026,AUTO DEBIT/HEALTH INSURANCE/PNB,debit,2533.89,Health & Fitness
21/02/2026,POS AHMEDABAD/DOMINOS PIZZA,debit,725.11,Food & Drink
21/02/2026,POS CHENNAI/INDIANOIL,debit,1528.71,Travel
21/02/2026,UPI/MSEDCL ELECTRICITY/HDFC,debit,2259.4,Utilities
21/02/2026,UPI/MEESHO/PNB,debit,899.9,Shopping
21/02/2026,UPI/CHAI POINT/HDFC,debit,219.98,Food & Drink
21/02/2026,UPI/FASSOS/PNB,debit,231.97,Food & Drink
21/02/2026,UPI/CHAAYOS/ICICI,debit,351.2,Food & Drink
22/02/2026,NACH DR/ELSS SIP/REF2854497381,debit,23750.38,Investment
22/02/2026,AUTO DEBIT/YOUTUBE PREMIUM/PNB,debit,151.32,Entertainment
22/02/2026,SALARY HCL TECHNOLOGIES FEB,credit,75711.01,Salary
22/02/2026,UPI/BPCL FUEL/AXIS,debit,4218.74,Travel
22/02/2026,UPI/IGL GAS BILL/ICICI,debit,1276.64,Utilities
22/02/2026,UPI/ANGEL ONE/BOB,debit,76788.98,Investment
22/02/2026,UPI/APOLLO PHARMACY/HDFC,debit,1956.14,Health & Fitness
22/02/2026,UPI/ANGEL ONE/HDFC,debit,37263.57,Investment
22/02/2026,UPI/BPCL FUEL/HDFC,debit,842.13,Travel
22/02/2026,UPI/WATER BILL BBMP/SBI,debit,353.87,Utilities
22/02/2026,UPI/1MG/PNB,debit,1309.41,Health & Fitness
22/02/2026,POS KOLKATA/PVR CINEMAS,debit,1126.11,Entertainment
22/02/2026,UPI/IGL GAS BILL/HDFC,debit,1254.63,Utilities
22/02/2026,POS AHMEDABAD/RELIANCE DIGITAL,debit,3233.28,Shopping
22/02/2026,AUTO DEBIT/FASTAG RECHARGE/YES,debit,535.68,Travel
22/02/2026,UPI/CHAAYOS/BOB,debit,109.28,Food & Drink
22/02/2026,UPI/DUNZO FOOD/BOB,debit,584.43,Food & Drink
22/02/2026,UPI/LPG CYLINDER HP/YES,debit,1078.34,Utilities
23/02/2026,UPI/IXIGO/AXIS,debit,2656.83,Travel
23/02/2026,UPI/MSEDCL ELECTRICITY/HDFC,debit,4021.6,Utilities
23/02/2026,POS AHMEDABAD/CAFE COFFEE DAY,debit,545.83,Food & Drink
23/02/2026,UPI/LPG CYLINDER HP/SBI,debit,866.53,Utilities
23/02/2026,UPI/SOCIETY MAINTENANCE/BOB,debit,2646.61,Rent
23/02/2026,UPI/FASTTAG NHAI/KOTAK,debit,377.14,Travel
23/02/2026,UPI/FLIPKART/HDFC,debit,6032.76,Shopping
23/02/2026,UPI/IRCTC/PNB,debit,1759.83,Travel
23/02/2026,UPI/VI POSTPAID/YES,debit,667.37,Utilities
23/02/2026,UPI/BEWAKOOF/HDFC,debit,1962.76,Shopping
23/02/2026,UPI/PRACTO/ICICI,debit,424.46,Health & Fitness
23/02/2026,UPI/SPICEJET/HDFC,debit,12058.62,Travel
23/02/2026,POS CHENNAI/DOMINOS PIZZA,debit,648.01,Food & Drink
23/02/2026,UPI/BESCOM BILL/HDFC,debit,1186.79,Utilities
23/02/2026,UPI/GOIBIBO/ICICI,debit,11418.48,Travel
24/02/2026,UPI/BOOKMYSHOW/KOTAK,debit,1387.94,Entertainment
24/02/2026,AUTO DEBIT/JIO FIBER/PNB,debit,1148.28,Utilities
24/02/2026,NACH DR/SIP GROWW/REF3686566602,debit,5440.4,Investment
24/02/2026,UPI/KUVERA MF/SBI,debit,19070.57,Investment
24/02/2026,UPI/SOCIETY MAINTENANCE/YES,debit,2225.16,Rent
24/02/2026,UPI/BPCL FUEL/HDFC,debit,2108.87,Travel
24/02/2026,UPI/STEAM GAMES/ICICI,debit,1199.61,Entertainment
24/02/2026,UPI/IXIGO/SBI,debit,819.65,Travel
25/02/2026,UPI/REDBUS/BOB,debit,416.14,Travel
25/02/2026,POS BENGALURU/DOMINOS PIZZA,debit,479.84,Food & Drink
25/02/2026,AUTO DEBIT/CULT FIT/BOB,debit,2915.52,Health & Fitness
25/02/2026,POS CHENNAI/INDIANOIL,debit,692.01,Travel
25/02/2026,UPI/MSEDCL ELECTRICITY/SBI,debit,1280.17,Utilities
25/02/2026,AUTO DEBIT/SONY LIV/SBI,debit,527.54,Entertainment
25/02/2026,POS KOLKATA/PVR CINEMAS,debit,740.78,Entertainment
25/02/2026,AUTO DEBIT/FASTAG RECHARGE/AXIS,debit,585.74,Travel
25/02/2026,UPI/BPCL FUEL/PNB,debit,2839.64,Travel
25/02/2026,NACH DR/SIP GROWW/REF3875932424,debit,11611.77,Investment
25/02/2026,UPI/DUNZO FOOD/YES,debit,592.63,Food & Drink
25/02/2026,NACH DR/NPS CONTRIBUTION/REF2032398249,debit,7971.47,Investment
25/02/2026,UPI/ZEPTO/ICICI,debit,1039.52,Food & Drink
26/02/2026,UPI/MGL GAS BILL/YES,debit,1769.05,Utilities
26/02/2026,SALARY CREDIT COGNIZANT FEB 2026,credit,95323.15,Salary
26/02/2026,UPI/ANGEL ONE/YES,debit,38986.03,Investment
26/02/2026,NEFT DR/HOUSE RENT/FEB/LANDLORD,debit,25360.95,Rent
26/02/2026,POS PUNE/CAFE COFFEE DAY,debit,447.5,Food & Drink
26/02/2026,UPI/SWIGGY/KOTAK,debit,346.9,Food & Drink
26/02/2026,POS CHENNAI/SUBWAY,debit,247.44,Food & Drink
26/02/2026,POS BENGALURU/MCDONALDS,debit,341.63,Food & Drink
26/02/2026,AUTO DEBIT/YOUTUBE PREMIUM/ICICI,debit,187.54,Entertainment
26/02/2026,UPI/ANGEL ONE/SBI,debit,90104.95,Investment
26/02/2026,UPI/AIRTEL XSTREAM FIBER/ICICI,debit,893.61,Utilities
26/02/2026,UPI/IXIGO/PNB,debit,1897.56,Travel
26/02/2026,UPI/ZOMATO/HDFC,debit,1089.43,Food & Drink
26/02/2026,UPI/JIO POSTPAID/BOB,debit,876.02,Utilities
27/02/2026,UPI/FASTTAG NHAI/AXIS,debit,71.67,Travel
27/02/2026,UPI/MEESHO/SBI,debit,1209.59,Shopping
27/02/2026,POS CHENNAI/INDIANOIL,debit,2848.92,Travel
27/02/2026,POS KOLKATA/DOMINOS PIZZA,debit,670.97,Food & Drink
27/02/2026,UPI/ZOMATO/YES,debit,560.99,Food & Drink
27/02/2026,UPI/GOIBIBO/PNB,debit,16179.86,Travel
27/02/2026,UPI/PRACTO/SBI,debit,1239.87,Health & Fitness
27/02/2026,UPI/MFINE/SBI,debit,979.47,Health & Fitness
27/02/2026,UPI/THYROCARE/KOTAK,debit,1743.13,Health & Fitness
27/02/2026,POS KOLKATA/DECATHLON,debit,4975.36,Shopping
28/02/2026,UPI/MYNTRA/KOTAK,debit,1938.84,Shopping
28/02/2026,UPI/NETMEDS/YES,debit,1166.04,Health & Fitness
28/02/2026,UPI/MAMAEARTH/BOB,debit,510.66,Shopping
28/02/2026,UPI/FASTTAG NHAI/SBI,debit,80.21,Travel
28/02/2026,NEFT DR/HOUSE RENT/FEB/LANDLORD,debit,30788.33,Rent
28/02/2026,UPI/NYKAA/AXIS,debit,2836.97,Shopping
28/02/2026,UPI/GOIBIBO/SBI,debit,10921.41,Travel
28/02/2026,UPI/VI POSTPAID/HDFC,debit,616.99,Utilities
28/02/2026,POS AHMEDABAD/SUBWAY,debit,236.48,Food & Drink
01/03/2026,AUTO DEBIT/AMAZON PRIME VIDEO/SBI,debit,189.01,Entertainment
01/03/2026,SALARY CREDIT WIPRO LTD MAR 2026,credit,95791.03,Salary
01/03/2026,UPI/AIRTEL POSTPAID/PNB,debit,480.52,Utilities
01/03/2026,UPI/JIO POSTPAID/ICICI,debit,720.51,Utilities
01/03/2026,NACH DR/RD INSTALLMENT/PNB,debit,5747.03,Investment
01/03/2026,UPI/PG RENT/STANZA LIVING/PNB,debit,11170.2,Rent
01/03/2026,UPI/JIO POSTPAID/YES,debit,395.88,Utilities
01/03/2026,UPI/BEHROUZ BIRYANI/KOTAK,debit,385.54,Food & Drink
01/03/2026,UPI/MEESHO/KOTAK,debit,995.11,Shopping
01/03/2026,UPI/EASEMYTRIP/PNB,debit,5392.65,Travel
01/03/2026,AUTO DEBIT/HEALTH INSURANCE/BOB,debit,2481.22,Health & Fitness
02/03/2026,UPI/SWIGGY/ICICI,debit,1192.86,Food & Drink
02/03/2026,AUTO DEBIT/TATA PLAY/HDFC,debit,269.87,Utilities
02/03/2026,UPI/PHARMEASY/KOTAK,debit,1378.54,Health & Fitness
02/03/2026,POS PUNE/MCDONALDS,debit,532.05,Food & Drink
02/03/2026,AUTO DEBIT/HEALTH INSURANCE/HDFC,debit,3488.99,Health & Fitness
02/03/2026,AUTO DEBIT/JIO FIBER/YES,debit,1163.61,Utilities
02/03/2026,UPI/BHARAT GAS/KOTAK,debit,933.04,Utilities
02/03/2026,POS BENGALURU/BURGER KING,debit,332.67,Food & Drink
02/03/2026,AUTO DEBIT/APPLE MUSIC/SBI,debit,189.77,Entertainment
02/03/2026,AUTO DEBIT/JIO FIBER/HDFC,debit,1382.39,Utilities
02/03/2026,UPI/EASEMYTRIP/BOB,debit,17860.83,Travel
02/03/2026,UPI/NETMEDS/AXIS,debit,1233.67,Health & Fitness
02/03/2026,POS AHMEDABAD/BURGER KING,debit,312.94,Food & Drink
02/03/2026,UPI/MEESHO/HDFC,debit,1942.5,Shopping
02/03/2026,POS CHENNAI/SHOPPERS STOP,debit,3138.48,Shopping
02/03/2026,NEFT CR/ZOHO CORP/SALARY/MAR,credit,95966.46,Salary
03/03/2026,AUTO DEBIT/YOUTUBE PREMIUM/PNB,debit,162.98,Entertainment
03/03/2026,AUTO DEBIT/DISNEY HOTSTAR/AXIS,debit,387.63,Entertainment
03/03/2026,POS GURGAON/RELIANCE DIGITAL,debit,19167.53,Shopping
03/03/2026,UPI/VI POSTPAID/AXIS,debit,448.22,Utilities
03/03/2026,AUTO DEBIT/YOUTUBE PREMIUM/PNB,debit,147.9,Entertainment
03/03/2026,UPI/FLIPKART/YES,debit,2550.85,Shopping
03/03/2026,POS BENGALURU/DOMINOS PIZZA,debit,396.61,Food & Drink
03/03/2026,UPI/ZEPTO/PNB,debit,442.32,Food & Drink
03/03/2026,UPI/IXIGO/HDFC,debit,1839.89,Travel
03/03/2026,UPI/FLIPKART/AXIS,debit,968.22,Shopping
03/03/2026,AUTO DEBIT/JIOCINEMAPREMIUM/KOTAK,debit,236.21,Entertainment
03/03/2026,UPI/BEHROUZ BIRYANI/AXIS,debit,808.88,Food & Drink
03/03/2026,POS AHMEDABAD/APOLLO HOSPITAL,debit,11301.93,Health & Fitness
03/03/2026,UPI/BLINKIT FOOD/BOB,debit,908.98,Food & Drink
04/03/2026,UPI/IGL GAS BILL/KOTAK,debit,877.23,Utilities
04/03/2026,AUTO DEBIT/AUDIBLE/ICICI,debit,226.28,Entertainment
04/03/2026,UPI/IGL GAS BILL/BOB,debit,850.91,Utilities
04/03/2026,UPI/BHARAT GAS/HDFC,debit,883.64,Utilities
04/03/2026,AUTO DEBIT/NETFLIX/KOTAK,debit,492.4,Entertainment
04/03/2026,UPI/WATER BILL BBMP/ICICI,debit,335.66,Utilities
04/03/2026,UPI/FASSOS/KOTAK,debit,458.31,Food & Drink
04/03/2026,UPI/AJIO/HDFC,debit,3451.99,Shopping
04/03/2026,NACH DR/ELSS SIP/REF1905248698,debit,11192.58,Investment
04/03/2026,UPI/NYKAA/YES,debit,2457.26,Shopping
04/03/2026,UPI/ZEPTO/HDFC,debit,1120.17,Food & Drink
04/03/2026,UPI/MAMAEARTH/ICICI,debit,463.16,Shopping
04/03/2026,UPI/BLINKIT FOOD/YES,debit,620.68,Food & Drink
04/03/2026,AUTO DEBIT/NETFLIX/SBI,debit,315.72,Entertainment
04/03/2026,UPI/BSES BILL/BOB,debit,812.95,Utilities
04/03/2026,UPI/SWIGGY/SBI,debit,675.22,Food & Drink
04/03/2026,UPI/APOLLO PHARMACY/SBI,debit,2439.73,Health & Fitness
04/03/2026,UPI/BOAT LIFESTYLE/HDFC,debit,1141.49,Shopping
04/03/2026,UPI/BLINKIT FOOD/AXIS,debit,1132.47,Food & Drink
04/03/2026,UPI/IXIGO/HDFC,debit,1405.7,Travel
04/03/2026,UPI/PRACTO/HDFC,debit,553.28,Health & Fitness
04/03/2026,POS MUMBAI/INOX MOVIES,debit,818.63,Entertainment
04/03/2026,POS HYDERABAD/ZARA,debit,4984.09,Shopping
04/03/2026,AUTO DEBIT/ACT FIBERNET/BOB,debit,948.8,Utilities
04/03/2026,NEFT CR/TCS SALARY/MAR2026,credit,111928.49,Salary
04/03/2026,UPI/BSES BILL/YES,debit,1215.47,Utilities
04/03/2026,NEFT CR/SBI/SALARY MAR/INFOSYS LTD,credit,114237.57,Salary
05/03/2026,POS DELHI/BURGER KING,debit,384.49,Food & Drink
05/03/2026,POS PUNE/D-MART,debit,1689.02,Shopping
05/03/2026,POS HYDERABAD/MCDONALDS,debit,221.94,Food & Drink
05/03/2026,AUTO DEBIT/CULT FIT/PNB,debit,3557.58,Health & Fitness
05/03/2026,UPI/FLIPKART/HDFC,debit,431.28,Shopping
05/03/2026,POS AHMEDABAD/STARBUCKS,debit,536.09,Food & Drink
05/03/2026,AUTO DEBIT/DISNEY HOTSTAR/BOB,debit,555.51,Entertainment
05/03/2026,POS JAIPUR/BARBEQUE NATION,debit,914.34,Food & Drink
05/03/2026,UPI/MYNTRA/SBI,debit,2078.28,Shopping
05/03/2026,UPI/SWIGGY/PNB,debit,951.61,Food & Drink
05/03/2026,UPI/1MG/SBI,debit,2116.0,Health & Fitness
05/03/2026,AUTO DEBIT/APPLE MUSIC/KOTAK,debit,147.33,Entertainment
05/03/2026,UPI/BPCL FUEL/KOTAK,debit,2865.81,Travel
06/03/2026,UPI/CHAAYOS/PNB,debit,379.44,Food & Drink
06/03/2026,UPI/MEDPLUS/BOB,debit,632.19,Health & Fitness
06/03/2026,NACH DR/SIP GROWW/REF3484872186,debit,11496.43,Investment
06/03/2026,AUTO DEBIT/CULT FIT/AXIS,debit,3269.35,Health & Fitness
06/03/2026,UPI/BESCOM BILL/PNB,debit,1543.39,Utilities
06/03/2026,UPI/ZEPTO/PNB,debit,914.74,Food & Drink
06/03/2026,UPI/PHARMEASY/SBI,debit,661.72,Health & Fitness
06/03/2026,UPI/FLAT RENT/ICICI,debit,16557.68,Rent
06/03/2026,UPI/MEESHO/AXIS,debit,1528.24,Shopping
06/03/2026,UPI/IRCTC/ICICI,debit,1521.37,Travel
06/03/2026,SALARY HCL TECHNOLOGIES MAR,credit,89686.53,Salary
06/03/2026,POS GURGAON/SHOPPERS STOP,debit,4765.06,Shopping
06/03/2026,UPI/HPCL PETROL PUMP/YES,debit,3522.02,Travel
06/03/2026,POS JAIPUR/HALDIRAMS,debit,269.35,Food & Drink
06/03/2026,UPI/PRACTO/ICICI,debit,401.58,Health & Fitness
06/03/2026,UPI/PRACTO/ICICI,debit,1110.26,Health & Fitness
07/03/2026,UPI/UPSTOX/YES,debit,30453.66,Investment
07/03/2026,UPI/ZOMATO/BOB,debit,380.85,Food & Drink
07/03/2026,POS PUNE/SUBWAY,debit,484.96,Food & Drink
07/03/2026,POS GURGAON/KFC,debit,492.78,Food & Drink
07/03/2026,UPI/MAKEMYTRIP/BOB,debit,23202.97,Travel
07/03/2026,UPI/IXIGO/YES,debit,1105.88,Travel
07/03/2026,UPI/AIRTEL POSTPAID/KOTAK,debit,652.78,Utilities
07/03/2026,UPI/AJIO/KOTAK,debit,3077.21,Shopping
08/03/2026,AUTO DEBIT/ACT FIBERNET/HDFC,debit,1210.35,Utilities
08/03/2026,UPI/ZOMATO/AXIS,debit,992.81,Food & Drink
08/03/2026,UPI/MAMAEARTH/YES,debit,1182.95,Shopping
08/03/2026,POS KOLKATA/MCDONALDS,debit,563.78,Food & Drink
08/03/2026,UPI/NETMEDS/ICICI,debit,880.36,Health & Fitness
08/03/2026,NACH DR/SIP GROWW/REF4220107677,debit,4737.43,Investment
08/03/2026,NACH DR/SIP GROWW/REF4653936649,debit,11723.17,Investment
08/03/2026,UPI/FASTTAG NHAI/SBI,debit,427.56,Travel
08/03/2026,UPI/BLINKIT FOOD/PNB,debit,1459.99,Food & Drink
08/03/2026,NEFT CR/TCS SALARY/MAR2026,credit,129060.43,Salary
08/03/2026,UPI/NYKAA/HDFC,debit,491.24,Shopping
08/03/2026,UPI/BLINKIT FOOD/AXIS,debit,1304.66,Food & Drink
08/03/2026,AUTO DEBIT/ACT FIBERNET/AXIS,debit,632.19,Utilities
08/03/2026,UPI/AIRTEL POSTPAID/YES,debit,1147.48,Utilities
08/03/2026,UPI/FLIPKART/PNB,debit,6193.17,Shopping
08/03/2026,UPI/SOCIETY MAINTENANCE/BOB,debit,2533.9,Rent
08/03/2026,UPI/BEWAKOOF/BOB,debit,1063.18,Shopping
09/03/2026,NACH DR/RD INSTALLMENT/KOTAK,debit,6157.65,Investment
09/03/2026,UPI/BPCL FUEL/BOB,debit,816.81,Travel
09/03/2026,UPI/GROWW/HDFC,debit,6508.12,Investment
09/03/2026,POS JAIPUR/DOMINOS PIZZA,debit,367.44,Food & Drink
09/03/2026,POS BENGALURU/CROMA,debit,15683.52,Shopping
09/03/2026,UPI/CHAAYOS/PNB,debit,145.03,Food & Drink
09/03/2026,NACH DR/SIP GROWW/REF1558605632,debit,13917.06,Investment
09/03/2026,UPI/SWIGGY/ICICI,debit,1119.89,Food & Drink
09/03/2026,POS JAIPUR/INDIANOIL,debit,3554.09,Travel
09/03/2026,UPI/BEWAKOOF/PNB,debit,1618.18,Shopping
09/03/2026,UPI/AMAZON/AXIS,debit,1409.26,Shopping
10/03/2026,POS NOIDA/H&M,debit,2744.5,Shopping
10/03/2026,UPI/1MG/SBI,debit,1754.78,Health & Fitness
10/03/2026,UPI/MEESHO/YES,debit,1793.74,Shopping
10/03/2026,UPI/FLIPKART/KOTAK,debit,4247.83,Shopping
10/03/2026,UPI/APOLLO PHARMACY/BOB,debit,2771.8,Health & Fitness
10/03/2026,POS NOIDA/PVR CINEMAS,debit,336.36,Entertainment
10/03/2026,UPI/NESTAWAY RENT/ICICI,debit,16489.86,Rent
10/03/2026,UPI/IGL GAS BILL/HDFC,debit,1450.44,Utilities
10/03/2026,UPI/IGL GAS BILL/AXIS,debit,736.55,Utilities
10/03/2026,POS HYDERABAD/MCDONALDS,debit,558.19,Food & Drink
10/03/2026,UPI/AMAZON/PNB,debit,5131.27,Shopping
11/03/2026,POS KOLKATA/BURGER KING,debit,604.52,Food & Drink
11/03/2026,POS HYDERABAD/DOMINOS PIZZA,debit,691.1,Food & Drink
11/03/2026,UPI/ZOSTEL/HDFC,debit,1942.68,Travel
11/03/2026,UPI/WATER BILL BBMP/BOB,debit,292.56,Utilities
11/03/2026,UPI/KUVERA MF/BOB,debit,4043.24,Investment
11/03/2026,UPI/MEESHO/BOB,debit,532.65,Shopping
11/03/2026,POS CHENNAI/DOMINOS PIZZA,debit,585.62,Food & Drink
11/03/2026,POS HYDERABAD/PIZZA HUT,debit,835.15,Food & Drink
11/03/2026,UPI/FLIPKART/AXIS,debit,4716.35,Shopping
11/03/2026,POS JAIPUR/CAFE COFFEE DAY,debit,335.58,Food & Drink
11/03/2026,UPI/THYROCARE/AXIS,debit,1866.09,Health & Fitness
11/03/2026,AUTO DEBIT/DISNEY HOTSTAR/HDFC,debit,747.39,Entertainment
11/03/2026,NACH DR/PPF DEPOSIT SBI/REF8192579713,debit,44959.01,Investment
12/03/2026,POS JAIPUR/ZARA,debit,7527.11,Shopping
12/03/2026,NACH DR/ET MONEY SIP/REF1662259333,debit,13857.19,Investment
12/03/2026,POS MUMBAI/CROMA,debit,5643.17,Shopping
12/03/2026,UPI/JIO POSTPAID/AXIS,debit,541.64,Utilities
12/03/2026,NACH DR/SIP GROWW/REF5144289583,debit,13142.45,Investment
12/03/2026,AUTO DEBIT/SPOTIFY/KOTAK,debit,175.43,Entertainment
12/03/2026,UPI/MAKEMYTRIP/KOTAK,debit,2617.32,Travel
12/03/2026,POS HYDERABAD/FORTIS HOSPITAL,debit,11380.71,Health & Fitness
12/03/2026,POS DELHI/APPLE STORE,debit,47214.53,Shopping
12/03/2026,AUTO DEBIT/SPOTIFY/PNB,debit,165.03,Entertainment
13/03/2026,POS NOIDA/CAFE COFFEE DAY,debit,435.83,Food & Drink
13/03/2026,POS DELHI/D-MART,debit,1124.14,Shopping
13/03/2026,AUTO DEBIT/AMAZON PRIME VIDEO/AXIS,debit,298.54,Entertainment
13/03/2026,UPI/THYROCARE/PNB,debit,1303.58,Health & Fitness
13/03/2026,NEFT/INDIGO AIRLINES/TXN540066536122,debit,3990.9,Travel
13/03/2026,UPI/BPCL FUEL/SBI,debit,4807.82,Travel
13/03/2026,IMPS CR/776794458357/ACCENTURE SALARY/,credit,124882.83,Salary
13/03/2026,UPI/HEALTHIFYME/YES,debit,934.27,Health & Fitness
13/03/2026,UPI/BLINKIT FOOD/YES,debit,556.54,Food & Drink
14/03/2026,UPI/PARADISE BIRYANI/ICICI,debit,681.43,Food & Drink
14/03/2026,UPI/UPSTOX/YES,debit,38418.98,Investment
14/03/2026,UPI/ZOMATO/AXIS,debit,796.28,Food & Drink
14/03/2026,UPI/ZOMATO/KOTAK,debit,362.82,Food & Drink
14/03/2026,UPI/FASSOS/HDFC,debit,533.33,Food & Drink
14/03/2026,AUTO DEBIT/JIO FIBER/YES,debit,706.98,Utilities
14/03/2026,POS JAIPUR/INOX MOVIES,debit,409.36,Entertainment
14/03/2026,UPI/BLINKIT FOOD/HDFC,debit,1103.67,Food & Drink
14/03/2026,UPI/JIO POSTPAID/KOTAK,debit,770.3,Utilities
14/03/2026,NEFT CR/AMAZON INDIA SALARY MAR,credit,144066.03,Salary
14/03/2026,UPI/REDBUS/KOTAK,debit,2098.17,Travel
14/03/2026,UPI/LPG CYLINDER HP/KOTAK,debit,944.43,Utilities
14/03/2026,UPI/BOAT LIFESTYLE/PNB,debit,3750.71,Shopping
14/03/2026,UPI/MEDPLUS/PNB,debit,1285.24,Health & Fitness
14/03/2026,AUTO DEBIT/JIOCINEMAPREMIUM/AXIS,debit,146.89,Entertainment
14/03/2026,UPI/APOLLO PHARMACY/AXIS,debit,2952.25,Health & Fitness
14/03/2026,UPI/AIRTEL POSTPAID/YES,debit,971.86,Utilities
14/03/2026,NEFT DR/APARTMENT MAINTENANCE/MAR,debit,3785.54,Rent
14/03/2026,NACH DR/SIP ZERODHA COIN/REF9343730920,debit,11008.5,Investment
14/03/2026,POS DELHI/MCDONALDS,debit,479.83,Food & Drink
15/03/2026,POS AHMEDABAD/ZARA,debit,7798.86,Shopping
15/03/2026,UPI/BPCL FUEL/AXIS,debit,2531.7,Travel
15/03/2026,POS CHENNAI/DOMINOS PIZZA,debit,716.89,Food & Drink
15/03/2026,UPI/ZOMATO/PNB,debit,624.09,Food & Drink
15/03/2026,UPI/IRCTC/KOTAK,debit,421.77,Travel
15/03/2026,AUTO DEBIT/JIOCINEMAPREMIUM/BOB,debit,268.68,Entertainment
15/03/2026,POS KOLKATA/KFC,debit,650.23,Food & Drink
15/03/2026,UPI/BOOKMYSHOW/ICICI,debit,450.39,Entertainment
15/03/2026,UPI/ZOMATO/ICICI,debit,769.9,Food & Drink
15/03/2026,UPI/IRCTC/KOTAK,debit,2153.78,Travel
15/03/2026,UPI/MEDPLUS/ICICI,debit,1080.11,Health & Fitness
15/03/2026,UPI/ZEPTO/SBI,debit,396.06,Food & Drink
15/03/2026,UPI/BSES BILL/PNB,debit,2049.6,Utilities
15/03/2026,UPI/DUNZO FOOD/SBI,debit,719.5,Food & Drink
15/03/2026,UPI/NYKAA/SBI,debit,2065.58,Shopping
15/03/2026,UPI/PRACTO/KOTAK,debit,1439.11,Health & Fitness
15/03/2026,UPI/ZOMATO/PNB,debit,194.45,Food & Drink
16/03/2026,UPI/MYNTRA/ICICI,debit,1494.98,Shopping
16/03/2026,POS DELHI/MCDONALDS,debit,343.24,Food & Drink
16/03/2026,NEFT/AIR INDIA/TXN393093519507,debit,17752.9,Travel
16/03/2026,POS GURGAON/KFC,debit,367.27,Food & Drink
16/03/2026,UPI/AMAZON/KOTAK,debit,1797.27,Shopping
16/03/2026,UPI/INDMONEY/BOB,debit,3649.04,Investment
16/03/2026,NACH DR/SIP GROWW/REF7628981661,debit,7919.48,Investment
16/03/2026,UPI/BLINKIT FOOD/HDFC,debit,463.68,Food & Drink
16/03/2026,UPI/NYKAA/BOB,debit,2387.08,Shopping
16/03/2026,UPI/DUNZO FOOD/YES,debit,303.7,Food & Drink
16/03/2026,NEFT DR/APARTMENT MAINTENANCE/MAR,debit,4900.81,Rent
16/03/2026,NACH DR/RD INSTALLMENT/HDFC,debit,8780.27,Investment
16/03/2026,POS GURGAON/BURGER KING,debit,460.05,Food & Drink
17/03/2026,UPI/FLIPKART/PNB,debit,4868.43,Shopping
17/03/2026,UPI/THYROCARE/PNB,debit,400.19,Health & Fitness
17/03/2026,UPI/NETMEDS/AXIS,debit,713.46,Health & Fitness
17/03/2026,UPI/FASTTAG NHAI/PNB,debit,359.59,Travel
17/03/2026,UPI/MYNTRA/KOTAK,debit,2528.13,Shopping
17/03/2026,SALARY RAZORPAY FINTECH MAR,credit,140271.0,Salary
17/03/2026,UPI/FASTTAG NHAI/HDFC,debit,180.18,Travel
17/03/2026,POS NOIDA/INOX MOVIES,debit,990.1,Entertainment
17/03/2026,UPI/BEWAKOOF/KOTAK,debit,813.85,Shopping
17/03/2026,UPI/PRACTO/KOTAK,debit,1361.28,Health & Fitness
17/03/2026,POS BENGALURU/DECATHLON,debit,3608.14,Shopping
18/03/2026,UPI/ZOMATO/YES,debit,1099.59,Food & Drink
18/03/2026,AUTO DEBIT/YOUTUBE PREMIUM/PNB,debit,188.77,Entertainment
18/03/2026,UPI/BSES BILL/ICICI,debit,3995.59,Utilities
18/03/2026,UPI/SWIGGY/ICICI,debit,588.27,Food & Drink
18/03/2026,UPI/ZOMATO/HDFC,debit,800.14,Food & Drink
18/03/2026,UPI/FASTTAG NHAI/HDFC,debit,120.7,Travel
18/03/2026,UPI/EASEMYTRIP/ICICI,debit,9127.89,Travel
18/03/2026,UPI/IGL GAS BILL/SBI,debit,921.09,Utilities
18/03/2026,UPI/UPSTOX/BOB,debit,34151.98,Investment
18/03/2026,NEFT DR/HOUSE RENT/MAR/LANDLORD,debit,24443.38,Rent
19/03/2026,POS AHMEDABAD/INOX MOVIES,debit,965.95,Entertainment
19/03/2026,UPI/NYKAA/PNB,debit,1808.3,Shopping
19/03/2026,NEFT/INDIGO AIRLINES/TXN704584113184,debit,17424.78,Travel
19/03/2026,UPI/IRCTC/AXIS,debit,687.65,Travel
19/03/2026,UPI/FLIPKART/YES,debit,3340.59,Shopping
19/03/2026,AUTO DEBIT/APPLE MUSIC/SBI,debit,195.63,Entertainment
19/03/2026,UPI/BPCL FUEL/ICICI,debit,3598.39,Travel
19/03/2026,UPI/THYROCARE/PNB,debit,1164.85,Health & Fitness
19/03/2026,UPI/SOCIETY MAINTENANCE/BOB,debit,2107.68,Rent
19/03/2026,UPI/MFINE/YES,debit,473.93,Health & Fitness
19/03/2026,UPI/ZEPTO/YES,debit,454.97,Food & Drink
19/03/2026,UPI/AIRTEL POSTPAID/BOB,debit,928.58,Utilities
19/03/2026,POS JAIPUR/HALDIRAMS,debit,695.1,Food & Drink
19/03/2026,AUTO DEBIT/JIOCINEMAPREMIUM/BOB,debit,241.0,Entertainment
19/03/2026,UPI/BEHROUZ BIRYANI/SBI,debit,570.41,Food & Drink
19/03/2026,UPI/BESCOM BILL/YES,debit,3106.79,Utilities
19/03/2026,POS KOLKATA/D-MART,debit,1263.73,Shopping
19/03/2026,UPI/ZOSTEL/HDFC,debit,1992.78,Travel
19/03/2026,UPI/AMAZON/YES,debit,1860.53,Shopping
19/03/2026,UPI/1MG/ICICI,debit,708.74,Health & Fitness
20/03/2026,AUTO DEBIT/TATA PLAY/KOTAK,debit,383.78,Utilities
20/03/2026,UPI/OYO ROOMS/BOB,debit,7972.31,Travel
20/03/2026,NACH DR/PPF DEPOSIT SBI/REF2543015709,debit,35966.36,Investment
20/03/2026,UPI/THYROCARE/YES,debit,468.9,Health & Fitness
20/03/2026,AUTO DEBIT/FASTAG RECHARGE/HDFC,debit,878.94,Travel
20/03/2026,UPI/AIRTEL XSTREAM FIBER/PNB,debit,740.28,Utilities
20/03/2026,POS MUMBAI/KFC,debit,656.11,Food & Drink
20/03/2026,NEFT CR/SBI/SALARY MAR/INFOSYS LTD,credit,95567.83,Salary
20/03/2026,AUTO DEBIT/FASTAG RECHARGE/ICICI,debit,625.82,Travel
20/03/2026,UPI/BESCOM BILL/HDFC,debit,714.27,Utilities
20/03/2026,UPI/BOOKMYSHOW/SBI,debit,875.42,Entertainment
20/03/2026,NACH DR/SIP GROWW/REF5567743118,debit,13607.4,Investment
21/03/2026,UPI/INDMONEY/AXIS,debit,3264.47,Investment
21/03/2026,AUTO DEBIT/AMAZON PRIME VIDEO/HDFC,debit,235.88,Entertainment
21/03/2026,UPI/AIRBNB/KOTAK,debit,8025.53,Travel
21/03/2026,UPI/MFINE/AXIS,debit,1109.88,Health & Fitness
21/03/2026,UPI/APOLLO PHARMACY/PNB,debit,2864.18,Health & Fitness
21/03/2026,UPI/MYNTRA/KOTAK,debit,3795.23,Shopping
21/03/2026,POS DELHI/ZARA,debit,6600.94,Shopping
21/03/2026,NEFT DR/APARTMENT MAINTENANCE/MAR,debit,3053.72,Rent
21/03/2026,UPI/FASSOS/ICICI,debit,392.73,Food & Drink
21/03/2026,UPI/APOLLO PHARMACY/ICICI,debit,1696.25,Health & Fitness
21/03/2026,UPI/BSES BILL/BOB,debit,4034.15,Utilities
22/03/2026,UPI/MAMAEARTH/HDFC,debit,1104.86,Shopping
22/03/2026,UPI/ZOSTEL/YES,debit,1737.08,Travel
22/03/2026,UPI/STEAM GAMES/KOTAK,debit,3303.55,Entertainment
22/03/2026,UPI/VI POSTPAID/HDFC,debit,280.29,Utilities
22/03/2026,UPI/AIRTEL XSTREAM FIBER/PNB,debit,709.44,Utilities
22/03/2026,POS MUMBAI/DOMINOS PIZZA,debit,758.72,Food & Drink
22/03/2026,UPI/SWIGGY/HDFC,debit,486.82,Food & Drink
22/03/2026,UPI/JIO POSTPAID/HDFC,debit,597.13,Utilities
22/03/2026,UPI/HEALTHIFYME/AXIS,debit,682.14,Health & Fitness
22/03/2026,UPI/ZEPTO/ICICI,debit,1078.51,Food & Drink
22/03/2026,UPI/TATACLIQ/HDFC,debit,2430.49,Shopping
22/03/2026,IMPS DR/SECURITY DEPOSIT/FLAT,debit,57723.77,Rent
22/03/2026,UPI/PARADISE BIRYANI/BOB,debit,671.48,Food & Drink
22/03/2026,AUTO DEBIT/NETFLIX/SBI,debit,355.45,Entertainment
22/03/2026,NEFT CR/ZOHO CORP/SALARY/MAR,credit,89377.76,Salary
22/03/2026,UPI/SPICEJET/ICICI,debit,5592.69,Travel
22/03/2026,UPI/CHAAYOS/ICICI,debit,398.72,Food & Drink
22/03/2026,POS KOLKATA/INOX MOVIES,debit,297.77,Entertainment
22/03/2026,UPI/MEESHO/HDFC,debit,1672.93,Shopping
22/03/2026,UPI/VI POSTPAID/ICICI,debit,437.18,Utilities
23/03/2026,UPI/TATACLIQ/BOB,debit,4841.67,Shopping
23/03/2026,UPI/UPSTOX/AXIS,debit,43065.48,Investment
23/03/2026,UPI/AMAZON/SBI,debit,6854.65,Shopping
23/03/2026,UPI/ZOMATO/PNB,debit,888.25,Food & Drink
23/03/2026,AUTO DEBIT/FASTAG RECHARGE/YES,debit,493.82,Travel
23/03/2026,UPI/APOLLO PHARMACY/ICICI,debit,275.15,Health & Fitness
23/03/2026,UPI/BPCL FUEL/ICICI,debit,1027.43,Travel
24/03/2026,UPI/FLIPKART/ICICI,debit,2616.86,Shopping
24/03/2026,UPI/BEWAKOOF/KOTAK,debit,1571.33,Shopping
24/03/2026,POS AHMEDABAD/D-MART,debit,3482.87,Shopping
24/03/2026,UPI/SOCIETY MAINTENANCE/SBI,debit,2311.4,Rent
24/03/2026,NACH DR/HOME LOAN EMI/HDFC BANK,debit,23469.19,Rent
24/03/2026,AUTO DEBIT/ZEE5/KOTAK,debit,155.42,Entertainment
24/03/2026,AUTO DEBIT/ZEE5/YES,debit,262.96,Entertainment
24/03/2026,UPI/WATER BILL BBMP/ICICI,debit,232.56,Utilities
24/03/2026,UPI/STEAM GAMES/BOB,debit,1038.75,Entertainment
24/03/2026,UPI/ZOMATO/PNB,debit,1013.6,Food & Drink
25/03/2026,AUTO DEBIT/SPOTIFY/AXIS,debit,157.83,Entertainment
25/03/2026,AUTO DEBIT/JIO FIBER/KOTAK,debit,1453.36,Utilities
25/03/2026,UPI/BLINKIT FOOD/BOB,debit,1097.09,Food & Drink
25/03/2026,UPI/IGL GAS BILL/ICICI,debit,559.28,Utilities
25/03/2026,UPI/PG RENT/STANZA LIVING/KOTAK,debit,13876.79,Rent
25/03/2026,UPI/NESTAWAY RENT/YES,debit,21684.68,Rent
25/03/2026,UPI/SPICEJET/BOB,debit,10926.31,Travel
25/03/2026,AUTO DEBIT/TATA PLAY/PNB,debit,405.61,Utilities
25/03/2026,UPI/BPCL FUEL/PNB,debit,1714.64,Travel
25/03/2026,UPI/TATACLIQ/PNB,debit,3924.14,Shopping
25/03/2026,POS AHMEDABAD/STARBUCKS,debit,465.43,Food & Drink
25/03/2026,UPI/ZOMATO/KOTAK,debit,274.71,Food & Drink
26/03/2026,NACH DR/SIP ZERODHA COIN/REF1555426027,debit,17539.02,Investment
26/03/2026,UPI/BLINKIT FOOD/AXIS,debit,832.25,Food & Drink
26/03/2026,UPI/MSEDCL ELECTRICITY/PNB,debit,1809.52,Utilities
26/03/2026,POS PUNE/DECATHLON,debit,4642.91,Shopping
26/03/2026,UPI/BEWAKOOF/SBI,debit,1486.21,Shopping
26/03/2026,UPI/NESTAWAY RENT/BOB,debit,17675.54,Rent
26/03/2026,POS HYDERABAD/BURGER KING,debit,642.83,Food & Drink
26/03/2026,AUTO DEBIT/ACT FIBERNET/YES,debit,817.3,Utilities
26/03/2026,AUTO DEBIT/NETFLIX/ICICI,debit,499.64,Entertainment
26/03/2026,UPI/BOOKMYSHOW/AXIS,debit,676.33,Entertainment
26/03/2026,NACH DR/SIP ZERODHA COIN/REF6086370835,debit,7302.24,Investment
27/03/2026,UPI/BOAT LIFESTYLE/PNB,debit,1553.31,Shopping
27/03/2026,UPI/BEWAKOOF/SBI,debit,769.38,Shopping
27/03/2026,UPI/SWIGGY/ICICI,debit,890.29,Food & Drink
27/03/2026,NACH DR/RD INSTALLMENT/PNB,debit,9184.52,Investment
27/03/2026,POS NOIDA/APOLLO HOSPITAL,debit,13175.89,Health & Fitness
27/03/2026,SALARY HCL TECHNOLOGIES MAR,credit,85564.31,Salary
27/03/2026,UPI/AIRTEL POSTPAID/BOB,debit,358.86,Utilities
27/03/2026,UPI/AMAZON/BOB,debit,3808.0,Shopping
27/03/2026,POS NOIDA/SHOPPERS STOP,debit,2630.32,Shopping
27/03/2026,UPI/MGL GAS BILL/AXIS,debit,679.4,Utilities
27/03/2026,UPI/ZOMATO/SBI,debit,220.69,Food & Drink
27/03/2026,NACH DR/NPS CONTRIBUTION/REF1629176876,debit,3318.55,Investment
28/03/2026,UPI/BHARAT GAS/PNB,debit,942.54,Utilities
28/03/2026,UPI/PHARMEASY/ICICI,debit,1417.37,Health & Fitness
28/03/2026,UPI/JIO POSTPAID/PNB,debit,781.31,Utilities
28/03/2026,POS DELHI/APPLE STORE,debit,41708.87,Shopping
28/03/2026,UPI/HPCL PETROL PUMP/ICICI,debit,1595.1,Travel
28/03/2026,UPI/PHARMEASY/AXIS,debit,1949.28,Health & Fitness
28/03/2026,UPI/SPICEJET/KOTAK,debit,14631.5,Travel
28/03/2026,UPI/CHAAYOS/SBI,debit,154.91,Food & Drink
28/03/2026,AUTO DEBIT/NETFLIX/YES,debit,569.72,Entertainment
28/03/2026,POS KOLKATA/STARBUCKS,debit,414.54,Food & Drink
28/03/2026,UPI/AMAZON/SBI,debit,7163.51,Shopping
28/03/2026,UPI/AIRTEL XSTREAM FIBER/ICICI,debit,651.5,Utilities
29/03/2026,AUTO DEBIT/DISNEY HOTSTAR/YES,debit,452.21,Entertainment
29/03/2026,UPI/ZOSTEL/AXIS,debit,1025.97,Travel
29/03/2026,NACH DR/NPS CONTRIBUTION/REF8438902565,debit,9513.4,Investment
29/03/2026,NACH DR/PPF DEPOSIT SBI/REF7239587766,debit,36521.27,Investment
29/03/2026,AUTO DEBIT/NETFLIX/ICICI,debit,349.83,Entertainment
29/03/2026,UPI/PARADISE BIRYANI/ICICI,debit,226.28,Food & Drink
29/03/2026,UPI/1MG/HDFC,debit,1789.21,Health & Fitness
29/03/2026,AUTO DEBIT/DISNEY HOTSTAR/BOB,debit,802.65,Entertainment
29/03/2026,UPI/AMAZON/SBI,debit,4627.82,Shopping
29/03/2026,UPI/ZOMATO/KOTAK,debit,637.03,Food & Drink
29/03/2026,UPI/IRCTC/HDFC,debit,2991.92,Travel
29/03/2026,IMPS CR/578001943304/ACCENTURE SALARY/,credit,95146.04,Salary
